活动类型,日期,我的最爱,标题,距离,热量消耗,时间,平均心率,最大心率,有氧 TE,平均速度,最大速度,总攀爬高度,累计下降,平均步长,平均垂直比,平均垂直摆动,平均触地时间,平均坡度校正配速,平均踏频,最高踏频,Normalized Power® (NP®),左/右平衡,Training Stress Score®,最大平均功率（20 分钟）,平均功率,最大功率,Grit,Flow,总踩踏圈数,平均 Swolf,平均划桨率,总次数,潜水时长,最低温度,水面休息时间,减压,最佳单圈时间,圈数,最高温度,移动时间,全程用时,最低海拔,最高海拔
公路骑行,2023-11-15 14:18:49,false,"成都市 公路骑行","32.18","844","01:10:17","132","152","3.2","27.5","45.6","191","187","0.00","0.0","0.0","0","--","71","102","183","37% 左 / 63% 右","74.6","189","178","504","0.0","0.0","4916","0","0","0","0:00","0.0","0:00","否","01:10:16.59","1","0.0","01:10:09","01:10:17","461","492"
公路骑行,2023-11-11 13:46:51,false,"成都市 公路骑行","48.61","1,177","01:53:32","131","160","3.3","25.7","44.3","311","309","0.00","0.0","0.0","0","--","66","110","154","36% 左 / 64% 右","86.4","157","151","458","0.0","0.0","7379","0","0","0","0:00","0.0","0:00","否","01:53:32.48","1","0.0","01:53:27","01:54:28","462","494"
公路骑行,2023-11-10 14:16:11,false,"成都市 公路骑行","32.20","746","01:12:28","128","144","2.8","26.7","44.8","233","232","0.00","0.0","0.0","0","--","64","104","153","38% 左 / 62% 右","53.7","156","150","407","0.0","0.0","4616","0","0","0","0:00","0.0","0:00","否","01:12:27.51","1","0.0","01:12:21","01:12:28","462","496"
公路骑行,2023-11-09 14:11:56,false,"成都市 公路骑行","80.83","1,823","03:05:51","131","152","3.6","26.1","42.6","516","511","0.00","0.0","0.0","0","--","65","103","145","37% 左 / 63% 右","125.8","152","142","383","0.0","0.0","11700","0","0","0","0:00","0.0","0:00","否","03:05:50.53","1","0.0","03:05:28","03:06:31","462","493"
公路骑行,2023-11-08 15:15:29,false,"成都市 公路骑行","55.51","1,204","02:02:20","127","144","3.2","27.2","47.9","413","417","0.00","0.0","0.0","0","--","67","123","147","36% 左 / 64% 右","84.1","149","142","341","0.0","0.0","7980","0","0","0","0:00","0.0","0:00","否","02:02:19.52","1","0.0","02:02:01","02:02:20","458","502"
公路骑行,2023-11-07 19:42:13,false,"成都市 公路骑行","32.78","778","01:07:11","149","165","3.6","29.3","41.1","152","160","0.00","0.0","0.0","0","--","71","93","176","37% 左 / 63% 右","66.3","176","171","472","0.0","0.0","4734","0","0","0","0:00","0.0","0:00","否","01:07:10.57","1","0.0","01:06:46","01:07:11","455","495"
公路骑行,2023-11-06 13:29:38,false,"成都市 公路骑行","32.20","850","01:01:17","158","176","4.5","31.5","50.7","215","207","0.00","0.0","0.0","0","--","77","113","217","39% 左 / 61% 右","92.2","225","209","605","0.0","0.0","4679","0","0","0","0:00","0.0","0:00","否","01:01:16.64","1","0.0","01:01:12","01:01:17","466","494"
公路骑行,2023-11-05 13:41:05,false,"成都市 公路骑行","63.92","1,533","02:04:06","149","163","4.6","30.9","49.3","448","443","0.00","0.0","0.0","0","--","74","177","192","39% 左 / 61% 右","145.7","193","184","428","0.0","0.0","8904","0","0","0","0:00","0.0","0:00","否","02:04:06.43","1","0.0","02:03:53","02:04:06","458","518"
公路骑行,2023-11-04 18:09:09,false,"成都市 公路骑行","34.10","892","01:03:47","153","179","4.3","32.1","44.3","188","191","0.00","0.0","0.0","0","--","83","210","219","41% 左 / 59% 右","97.4","226","211","545","0.0","0.0","5161","0","0","0","0:00","0.0","0:00","否","01:03:47.38","1","0.0","01:03:10","01:05:10","457","495"
公路骑行,2023-11-03 14:39:46,false,"成都市 公路骑行","32.22","743","01:09:57","132","142","3.0","27.6","53.8","214","212","0.00","0.0","0.0","0","--","71","100","158","39% 左 / 61% 右","49.5","160","155","407","0.0","0.0","4877","0","0","0","0:00","0.0","0:00","否","01:09:57.14","1","0.0","01:09:51","01:09:57","461","494"
公路骑行,2023-11-02 20:55:17,false,"成都市 公路骑行","32.22","773","01:09:39","140","178","3.5","27.8","46.4","207","206","0.00","0.0","0.0","0","--","76","100","175","37% 左 / 63% 右","60.5","186","163","529","0.0","0.0","5183","0","0","0","0:00","0.0","0:00","否","01:09:38.96","1","0.0","01:09:32","01:09:39","457","490"
公路骑行,2023-11-01 19:03:52,false,"成都市 公路骑行","32.17","888","00:57:02","171","184","5.0","33.9","53.1","737","733","0.00","0.0","0.0","0","--","84","111","246","41% 左 / 59% 右","97.2","254","238","519","0.0","0.0","4719","0","0","0","0:00","0.0","0:00","否","57:01.82","1","0.0","00:56:55","00:57:02","456","514"
骑行,2023-10-31 12:47:35,false,"成都市 骑行","32.22","790","01:11:31","145","169","3.5","27.0","41.9","485","481","0.00","0.0","0.0","0","--","--","--","--","--","0.0","--","0","0","0.0","0.0","--","0","0","0","0:00","0.0","0:00","否","01:11:31.13","1","0.0","01:11:25","01:11:31","456","513"
骑行,2023-10-30 12:54:25,false,"成都市 骑行","35.11","671","01:22:41","128","143","2.5","25.5","36.5","182","183","0.00","0.0","0.0","0","--","--","--","--","--","0.0","--","0","0","0.0","0.0","--","0","0","0","0:00","0.0","0:00","否","01:22:40.58","1","0.0","01:22:05","01:22:53","460","495"
公路骑行,2023-10-29 12:16:21,false,"成都市 公路骑行","40.35","1,088","01:11:39","166","183","5.0","33.8","61.7","275","269","0.00","0.0","0.0","0","--","83","119","241","40% 左 / 60% 右","132.5","240","231","601","0.0","0.0","5813","0","0","0","0:00","0.0","0:00","否","01:11:38.66","1","0.0","01:11:32","01:11:39","466","494"
骑行,2023-10-27 12:15:13,false,"成都市 骑行","91.59","1,766","03:26:35","140","166","3.8","26.6","42.8","365","378","0.00","0.0","0.0","0","--","--","--","--","--","0.0","--","0","0","0.0","0.0","--","0","0","0","0:00","0.0","0:00","否","03:26:35.23","1","0.0","03:25:43","03:35:20","469","521"
骑行,2023-10-25 12:24:31,false,"成都市 骑行","74.89","1,552","02:50:15","141","179","4.2","26.4","44.7","314","313","0.00","0.0","0.0","0","--","--","--","--","--","0.0","--","0","0","0.0","0.0","--","0","0","0","0:00","0.0","0:00","否","02:50:15.32","1","0.0","02:48:32","03:17:03","467","516"
骑行,2023-10-22 16:22:30,false,"渝北区 骑行","30.90","695","01:24:03","127","169","3.2","22.1","54.1","435","425","0.00","0.0","0.0","0","--","--","--","--","--","0.0","--","0","0","0.0","0.0","--","0","0","0","0:00","0.0","0:00","否","01:24:03.44","1","0.0","01:23:27","01:27:42","185","438"
骑行,2023-10-21 15:34:07,false,"渝北区 骑行","40.31","775","01:52:12","119","156","2.6","21.6","46.7","480","490","0.00","0.0","0.0","0","--","--","--","--","--","0.0","--","0","0","0.0","0.0","--","0","0","0","0:00","0.0","0:00","否","01:52:11.91","1","0.0","01:48:15","02:01:21","172","437"
骑行,2023-10-20 13:20:23,false,"渝北区 骑行","41.63","828","01:56:33","124","155","2.9","21.4","46.4","521","524","0.00","0.0","0.0","0","--","--","--","--","--","0.0","--","0","0","0.0","0.0","--","0","0","0","0:00","0.0","0:00","否","01:56:32.74","1","0.0","01:44:00","02:05:40","167","431"
骑行,2023-10-18 12:21:17,false,"成都市 骑行","32.44","615","01:20:26","127","142","2.6","24.2","35.9","183","190","0.00","0.0","0.0","0","--","--","--","--","--","0.0","--","0","0","0.0","0.0","--","0","0","0","0:00","0.0","0:00","否","01:20:25.71","1","0.0","01:19:55","01:21:52","460","495"
骑行,2023-10-17 20:01:48,false,"成都市 骑行","32.18","638","01:18:28","131","175","2.9","24.6","56.6","211","204","0.00","0.0","0.0","0","--","--","--","--","--","0.0","--","0","0","0.0","0.0","--","0","0","0","0:00","0.0","0:00","否","01:18:27.64","1","0.0","01:18:27","01:18:28","463","493"
公路骑行,2023-10-16 18:16:37,false,"成都市 公路骑行","32.09","844","00:57:55","159","179","5.0","33.2","48.7","184","179","0.00","0.0","0.0","0","--","81","110","234","41% 左 / 59% 右","105.7","235","221","499","0.0","0.0","4618","0","0","0","0:00","0.0","0:00","否","57:54.87","1","0.0","00:57:48","00:57:55","465","494"
骑行,2023-10-15 17:13:20,false,"成都市 骑行","32.44","596","01:13:42","132","168","3.2","26.4","42.5","127","140","0.00","0.0","0.0","0","--","--","--","--","--","0.0","--","0","0","0.0","0.0","--","0","0","0","0:00","0.0","0:00","否","01:13:41.87","1","0.0","01:13:22","01:18:17","466","495"
骑行,2023-10-13 12:55:44,false,"成都市 骑行","34.03","593","01:19:40","125","144","2.6","25.6","37.8","224","217","0.00","0.0","0.0","0","--","--","--","--","--","0.0","--","0","0","0.0","0.0","--","0","0","0","0:00","0.0","0:00","否","01:19:40.17","1","0.0","01:18:54","01:19:43","462","492"
骑行,2023-10-12 12:19:25,false,"成都市 骑行","32.29","644","01:14:34","131","150","2.9","26.0","40.7","193","189","0.00","0.0","0.0","0","--","--","--","--","--","0.0","--","0","0","0.0","0.0","--","0","0","0","0:00","0.0","0:00","否","01:14:33.80","1","0.0","01:14:28","01:14:34","466","495"
公路骑行,2023-10-10 12:15:00,false,"成都市 公路骑行","40.30","1,082","01:14:31","155","175","5.0","32.5","46.2","230","222","0.00","0.0","0.0","0","--","78","105","228","41% 左 / 59% 右","130.5","231","220","493","0.0","0.0","5839","0","0","0","0:00","0.0","0:00","否","01:14:30.67","1","0.0","01:14:18","01:14:31","463","495"
公路骑行,2023-10-07 12:02:47,false,"成都市 公路骑行","40.42","1,024","01:14:39","162","180","5.0","32.5","49.8","229","220","0.00","0.0","0.0","0","--","79","116","218","41% 左 / 59% 右","119.3","221","207","535","0.0","0.0","5846","0","0","0","0:00","0.0","0:00","否","01:14:38.84","1","0.0","01:14:32","01:14:39","466","494"
公路骑行,2023-10-02 17:43:10,false,"成都市 公路骑行","40.39","1,006","01:12:27","165","182","5.0","33.4","55.1","222","220","0.00","0.0","0.0","0","--","82","130","223","42% 左 / 58% 右","121.0","225","210","704","0.0","0.0","5739","0","0","0","0:00","0.0","0:00","否","01:12:27.42","1","0.0","01:12:22","01:12:27","463","491"
骑行,2023-09-30 19:57:07,false,"成都市 骑行","24.23","506","01:08:59","124","174","3.1","21.1","37.4","162","164","0.00","0.0","0.0","0","--","--","--","--","--","0.0","--","0","0","0.0","0.0","--","0","0","0","0:00","0.0","0:00","否","01:08:58.58","1","0.0","01:08:41","01:09:20","462","491"
公路骑行,2023-09-06 19:48:32,false,"成都市 公路骑行","40.23","964","01:11:35","164","179","5.0","33.7","55.3","265","266","0.00","0.0","0.0","0","1:47","81","153","215","43% 左 / 57% 右","111.4","219","202","556","0.0","0.0","5753","0","0","0","0:00","0.0","0:00","否","01:11:35.15","1","0.0","01:11:28","01:11:35","461","491"
骑行,2023-09-05 20:09:05,false,"成都市 骑行","32.21","805","01:03:20","160","182","4.5","30.5","55.7","233","233","0.00","0.0","0.0","0","1:58","--","--","--","--","0.0","--","0","0","0.0","0.0","--","0","0","0","0:00","0.0","0:00","否","01:03:19.60","1","0.0","01:03:16","01:03:20","460","492"
骑行,2023-09-04 19:41:56,false,"成都市 骑行","29.17","462","01:14:19","116","132","2.0","23.6","33.0","140","142","0.00","0.0","0.0","0","2:32","--","--","--","--","0.0","--","0","0","0.0","0.0","--","0","0","0","0:00","0.0","0:00","否","01:14:19.07","1","0.0","01:13:51","01:14:44","455","492"
公路骑行,2023-09-03 19:38:16,false,"成都市 公路骑行","40.36","974","01:11:19","158","175","4.8","34.0","56.3","222","220","0.00","0.0","0.0","0","1:46","82","141","217","43% 左 / 57% 右","112.7","219","206","619","0.0","0.0","5757","0","0","0","0:00","0.0","0:00","否","01:11:18.51","1","0.0","01:11:14","01:11:19","462","491"
骑行,2023-08-30 20:00:58,false,"成都市 骑行","32.47","613","01:14:22","127","176","3.1","26.2","41.7","117","132","0.00","0.0","0.0","0","2:18","--","--","--","--","0.0","--","0","0","0.0","0.0","--","0","0","0","0:00","0.0","0:00","否","01:14:21.71","1","0.0","01:13:51","01:19:00","466","494"
公路骑行,2023-08-28 11:58:45,false,"成都市 公路骑行","40.34","976","01:12:27","155","171","4.3","33.4","55.1","238","234","0.00","0.0","0.0","0","1:48","80","123","212","43% 左 / 57% 右","109.4","214","202","566","0.0","0.0","5762","0","0","0","0:00","0.0","0:00","否","01:12:27.03","1","0.0","01:12:23","01:12:27","463","493"
骑行,2023-08-27 20:03:21,false,"成都市 骑行","35.51","608","01:16:59","128","156","2.4","27.7","36.3","148","145","0.00","0.0","0.0","0","2:10","--","--","--","--","0.0","--","0","0","0.0","0.0","--","0","0","0","0:00","0.0","0:00","否","01:16:59.37","1","0.0","01:16:52","01:18:14","465","494"
公路骑行,2023-08-24 11:56:05,false,"成都市 公路骑行","40.31","987","01:11:12","156","174","4.4","34.0","52.6","217","215","0.00","0.0","0.0","0","1:46","81","127","219","44% 左 / 56% 右","114.6","227","209","598","0.0","0.0","5660","0","0","0","0:00","0.0","0:00","否","01:11:11.95","1","0.0","01:11:06","01:11:12","462","492"
骑行,2023-08-23 19:56:00,false,"成都市 骑行","31.87","571","01:13:34","127","145","2.3","26.0","36.9","172","168","0.00","0.0","0.0","0","2:18","--","--","--","--","0.0","--","0","0","0.0","0.0","--","0","0","0","0:00","0.0","0:00","否","01:13:34.25","1","0.0","01:13:12","01:13:34","460","499"
骑行,2023-08-22 20:06:02,false,"成都市 骑行","31.42","510","01:13:37","122","137","2.1","25.6","38.0","160","157","0.00","0.0","0.0","0","2:20","--","--","--","--","0.0","--","0","0","0.0","0.0","--","0","0","0","0:00","0.0","0:00","否","01:13:36.76","1","0.0","01:12:45","01:13:37","455","496"
公路骑行,2023-08-21 20:11:14,false,"成都市 公路骑行","40.33","974","01:09:50","165","181","5.0","34.7","89.5","222","220","0.00","0.0","0.0","0","1:44","83","133","224","44% 左 / 56% 右","116.3","232","210","658","0.0","0.0","5656","0","0","0","0:00","0.0","0:00","否","01:09:49.94","1","0.0","01:09:45","01:09:50","463","494"
骑行,2023-08-20 19:48:26,false,"成都市 骑行","28.24","449","01:09:28","116","135","2.0","24.4","34.3","116","122","0.00","0.0","0.0","0","2:27","--","--","--","--","0.0","--","0","0","0.0","0.0","--","0","0","0","0:00","0.0","0:00","否","01:09:27.81","1","0.0","01:09:13","01:11:20","465","496"
公路骑行,2023-08-17 20:04:13,false,"成都市 公路骑行","40.35","950","01:13:03","165","180","4.6","33.1","52.1","250","247","0.00","0.0","0.0","0","1:48","80","123","207","44% 左 / 56% 右","104.1","212","195","526","0.0","0.0","5729","0","0","0","0:00","0.0","0:00","否","01:13:02.75","1","0.0","01:12:58","01:13:03","463","493"
骑行,2023-08-16 19:54:14,false,"成都市 骑行","32.39","716","01:07:20","146","181","3.8","28.9","54.5","216","217","0.00","0.0","0.0","0","2:04","--","--","--","--","0.0","--","0","0","0.0","0.0","--","0","0","0","0:00","0.0","0:00","否","01:07:19.95","1","0.0","01:07:19","01:07:20","464","493"
骑行,2023-08-15 19:24:51,false,"成都市 骑行","36.10","617","01:26:38","123","146","2.2","25.0","36.7","126","128","0.00","0.0","0.0","0","2:24","--","--","--","--","0.0","--","0","0","0.0","0.0","--","0","0","0","0:00","0.0","0:00","否","01:26:38.07","1","0.0","01:26:25","01:30:29","467","502"
公路骑行,2023-08-14 19:45:58,false,"成都市 公路骑行","40.35","972","01:10:32","165","180","4.8","34.3","64.8","230","230","0.00","0.0","0.0","0","1:45","82","124","220","44% 左 / 56% 右","114.0","226","207","551","0.0","0.0","5703","0","0","0","0:00","0.0","0:00","否","01:10:31.73","1","0.0","01:10:29","01:10:32","463","491"
骑行,2023-08-13 19:46:01,false,"成都市 骑行","52.34","870","02:00:49","126","160","2.5","26.0","57.4","335","333","0.00","0.0","0.0","0","2:18","--","--","--","--","0.0","--","0","0","0.0","0.0","--","0","0","0","0:00","0.0","0:00","否","02:00:48.63","1","0.0","02:00:35","02:00:49","457","501"
骑行,2023-08-12 19:42:56,false,"成都市 骑行","32.22","559","01:17:00","122","138","2.1","25.1","35.6","110","113","0.00","0.0","0.0","0","2:25","--","--","--","--","0.0","--","0","0","0.0","0.0","--","0","0","0","0:00","0.0","0:00","否","01:16:59.79","1","0.0","01:16:53","01:19:41","466","494"
公路骑行,2023-08-10 19:54:08,false,"成都市 公路骑行","40.39","930","01:11:27","164","178","4.8","33.9","55.3","310","310","0.00","0.0","0.0","0","1:46","81","139","207","43% 左 / 57% 右","102.2","206","195","578","0.0","0.0","5707","0","0","0","0:00","0.0","0:00","否","01:11:26.55","1","0.0","01:11:22","01:11:27","460","492"
骑行,2023-08-09 20:05:50,false,"成都市 骑行","32.19","784","01:07:07","151","182","4.0","28.8","50.8","217","213","0.00","0.0","0.0","0","2:04","--","--","--","--","0.0","--","0","0","0.0","0.0","--","0","0","0","0:00","0.0","0:00","否","01:07:07.14","1","0.0","01:06:13","01:07:07","464","492"
公路骑行,2023-08-08 19:39:32,false,"成都市 公路骑行","30.67","656","01:09:57","136","173","3.0","26.3","42.4","227","227","0.00","0.0","0.0","0","2:17","--","--","--","--","0.0","--","0","0","0.0","0.0","--","0","0","0","0:00","0.0","0:00","否","01:09:57.11","1","0.0","01:09:57","01:09:57","456","498"
公路骑行,2023-08-07 20:02:20,false,"成都市 公路骑行","40.36","939","01:11:10","165","176","4.7","34.0","52.0","240","238","0.00","0.0","0.0","0","1:46","82","139","210","44% 左 / 56% 右","104.1","215","198","555","0.0","0.0","5709","0","0","0","0:00","0.0","0:00","否","01:11:10.31","1","0.0","01:11:04","01:11:10","464","493"
公路骑行,2023-08-06 18:08:15,false,"成都市 骑行","32.23","597","01:13:51","128","149","2.4","26.2","43.7","219","214","0.00","0.0","0.0","0","2:17","--","--","--","--","0.0","--","0","0","0.0","0.0","--","0","0","0","0:00","0.0","0:00","否","01:13:50.87","1","0.0","01:13:50","01:13:51","463","493"
公路骑行,2023-08-05 19:01:23,false,"成都市 公路骑行","40.38","943","01:10:20","162","175","4.5","34.5","59.1","262","263","0.00","0.0","0.0","0","1:44","82","115","210","44% 左 / 56% 右","103.3","214","201","575","0.0","0.0","5742","0","0","0","0:00","0.0","0:00","否","01:10:20.07","1","0.0","01:10:15","01:10:20","460","490"
公路骑行,2023-08-02 20:09:00,false,"成都市 骑行","36.19","773","01:20:09","138","155","3.0","27.1","39.8","135","138","0.00","0.0","0.0","0","2:13","--","--","--","--","0.0","--","0","0","0.0","0.0","--","0","0","0","0:00","0.0","0:00","否","01:20:08.71","1","0.0","01:17:21","01:20:09","467","495"
公路骑行,2023-07-31 19:54:48,false,"成都市 公路骑行","40.34","918","01:13:17","155","173","4.1","33.0","56.7","269","266","0.00","0.0","0.0","0","1:49","79","119","197","44% 左 / 56% 右","95.0","197","186","526","0.0","0.0","5713","0","0","0","0:00","0.0","0:00","否","01:13:17.50","1","0.0","01:13:12","01:13:17","461","491"
公路骑行,2023-07-30 19:52:18,false,"成都市 骑行","32.94","677","01:18:18","132","150","2.6","25.2","46.2","245","246","0.00","0.0","0.0","0","2:22","--","--","--","--","0.0","--","0","0","0.0","0.0","--","0","0","0","0:00","0.0","0:00","否","01:18:17.56","1","0.0","01:18:13","01:18:18","452","498"
公路骑行,2023-07-29 20:13:06,false,"成都市 公路骑行","40.35","937","01:12:43","161","175","4.4","33.3","57.3","242","238","0.00","0.0","0.0","0","1:48","80","116","205","45% 左 / 55% 右","102.3","213","192","698","0.0","0.0","5698","0","0","0","0:00","0.0","0:00","否","01:12:43.16","1","0.0","01:12:39","01:12:43","462","492"
公路骑行,2023-07-28 18:05:49,false,"成都市 骑行","39.56","801","01:41:55","128","164","2.8","23.3","44.3","111","135","0.00","0.0","0.0","0","2:35","--","--","--","--","0.0","--","0","0","0.0","0.0","--","0","0","0","0:00","0.0","0:00","否","01:41:54.69","1","0.0","01:34:41","01:41:55","468","508"
公路骑行,2023-07-26 15:39:51,false,"成都市 公路骑行","40.28","940","01:14:05","147","163","3.8","32.6","48.0","251","248","0.00","0.0","0.0","0","1:50","79","110","199","44% 左 / 56% 右","97.8","201","189","472","0.0","0.0","5750","0","0","0","0:00","0.0","0:00","否","01:14:04.60","1","0.0","01:13:51","01:14:05","463","492"
公路骑行,2023-07-24 19:34:22,false,"成都市 公路骑行","40.38","970","01:12:52","153","171","4.2","33.2","53.8","250","247","0.00","0.0","0.0","0","1:48","80","116","213","44% 左 / 56% 右","110.5","225","199","879","0.0","0.0","5752","0","0","0","0:00","0.0","0:00","否","01:12:52.21","1","0.0","01:12:48","01:12:52","462","493"
公路骑行,2023-07-23 20:16:51,false,"成都市 公路骑行","40.38","933","01:13:42","156","170","4.2","32.9","54.6","263","259","0.00","0.0","0.0","0","1:49","79","116","200","44% 左 / 56% 右","97.8","203","188","503","0.0","0.0","5806","0","0","0","0:00","0.0","0:00","否","01:13:42.38","1","0.0","01:13:40","01:13:42","461","489"
公路骑行,2023-07-22 20:37:32,false,"成都市 公路骑行","40.36","896","01:17:04","148","166","3.6","31.4","47.8","242","240","0.00","0.0","0.0","0","1:54","75","103","182","43% 左 / 57% 右","85.0","181","171","516","0.0","0.0","5791","0","0","0","0:00","0.0","0:00","否","01:17:04.21","1","0.0","01:17:01","01:17:04","463","493"
公路骑行,2023-07-21 20:34:31,false,"成都市 公路骑行","40.38","942","01:13:08","155","169","4.2","33.1","50.9","250","245","0.00","0.0","0.0","0","1:48","79","109","204","44% 左 / 56% 右","101.0","205","192","583","0.0","0.0","5790","0","0","0","0:00","0.0","0:00","否","01:13:07.98","1","0.0","01:13:04","01:13:08","462","491"
公路骑行,2023-07-20 20:15:12,false,"成都市 公路骑行","40.33","939","01:13:09","155","171","4.1","33.1","49.7","260","262","0.00","0.0","0.0","0","1:49","80","138","204","44% 左 / 56% 右","101.2","210","191","634","0.0","0.0","5813","0","0","0","0:00","0.0","0:00","否","01:13:09.24","1","0.0","01:13:03","01:13:09","461","492"
公路骑行,2023-07-19 20:23:34,false,"成都市 公路骑行","40.35","972","01:12:23","160","177","4.4","33.5","57.0","298","292","0.00","0.0","0.0","0","1:47","81","123","219","44% 左 / 56% 右","115.8","234","201","721","0.0","0.0","5836","0","0","0","0:00","0.0","0:00","否","01:12:22.79","1","0.0","01:12:18","01:12:23","462","492"
公路骑行,2023-07-18 20:13:40,false,"成都市 公路骑行","40.35","918","01:12:48","153","168","3.9","33.3","58.2","245","241","0.00","0.0","0.0","0","1:48","80","172","199","44% 左 / 56% 右","96.1","204","187","549","0.0","0.0","5738","0","0","0","0:00","0.0","0:00","否","01:12:47.76","1","0.0","01:12:45","01:12:48","462","490"
公路骑行,2023-07-16 20:16:58,false,"成都市 公路骑行","40.41","953","01:12:23","157","175","4.3","33.5","53.9","235","235","0.00","0.0","0.0","0","1:47","81","118","212","45% 左 / 55% 右","107.9","211","196","742","0.0","0.0","5755","0","0","0","0:00","0.0","0:00","否","01:12:23.28","1","0.0","01:12:20","01:12:23","463","493"
公路骑行,2023-07-15 20:15:48,false,"成都市 公路骑行","40.04","993","01:10:20","162","174","4.6","34.2","51.6","250","248","0.00","0.0","0.0","0","1:44","83","162","225","45% 左 / 55% 右","118.1","222","212","536","0.0","0.0","5756","0","0","0","0:00","0.0","0:00","否","01:10:19.82","1","0.0","01:09:36","01:10:20","461","491"
公路骑行,2023-07-14 11:55:17,false,"成都市 公路骑行","40.30","989","01:12:22","158","171","4.2","33.4","49.5","312","311","0.00","0.0","0.0","0","1:47","81","127","216","45% 左 / 55% 右","112.1","220","205","496","0.0","0.0","5803","0","0","0","0:00","0.0","0:00","否","01:12:22.18","1","0.0","01:12:14","01:12:22","463","494"
公路骑行,2023-07-12 20:02:10,false,"成都市 公路骑行","40.35","945","01:11:15","158","173","4.1","34.0","53.8","264","263","0.00","0.0","0.0","0","1:46","82","121","212","45% 左 / 55% 右","106.8","212","198","596","0.0","0.0","5744","0","0","0","0:00","0.0","0:00","否","01:11:15.14","1","0.0","01:11:10","01:11:15","461","491"
公路骑行,2023-07-11 19:08:50,false,"成都市 公路骑行","40.35","940","01:12:19","156","166","4.1","33.5","52.1","291","286","0.00","0.0","0.0","0","1:47","81","119","204","46% 左 / 54% 右","99.9","206","194","558","0.0","0.0","5777","0","0","0","0:00","0.0","0:00","否","01:12:18.79","1","0.0","01:12:14","01:12:19","462","492"
公路骑行,2023-07-10 20:36:50,false,"成都市 公路骑行","40.34","909","01:12:29","156","170","4.0","33.4","50.3","252","248","0.00","0.0","0.0","0","1:48","81","112","199","45% 左 / 55% 右","95.1","200","186","448","0.0","0.0","5796","0","0","0","0:00","0.0","0:00","否","01:12:28.58","1","0.0","01:12:24","01:12:29","461","491"
公路骑行,2023-07-09 20:42:40,false,"成都市 公路骑行","40.34","918","01:12:33","158","169","4.1","33.4","52.5","228","224","0.00","0.0","0.0","0","1:48","81","139","200","45% 左 / 55% 右","96.9","201","188","858","0.0","0.0","5813","0","0","0","0:00","0.0","0:00","否","01:12:32.56","1","0.0","01:12:27","01:12:33","462","491"
公路骑行,2023-07-08 20:13:18,false,"成都市 公路骑行","40.38","944","01:12:34","163","178","4.6","33.4","57.7","260","260","0.00","0.0","0.0","0","1:48","81","123","210","45% 左 / 55% 右","106.8","216","194","863","0.0","0.0","5670","0","0","0","0:00","0.0","0:00","否","01:12:34.29","1","0.0","01:11:58","01:12:34","460","491"
公路骑行,2023-07-06 20:11:10,false,"成都市 公路骑行","40.33","922","01:12:52","160","171","4.0","33.2","51.0","240","237","0.00","0.0","0.0","0","1:48","79","110","197","46% 左 / 54% 右","94.5","200","188","521","0.0","0.0","5750","0","0","0","0:00","0.0","0:00","否","01:12:51.51","1","0.0","01:12:46","01:12:52","463","490"
公路骑行,2023-07-05 20:12:46,false,"成都市 公路骑行","37.84","869","01:06:02","164","176","4.5","34.4","57.4","258","266","0.00","0.0","0.0","0","1:45","81","125","215","46% 左 / 54% 右","102.0","220","196","625","0.0","0.0","5263","0","0","0","0:00","0.0","0:00","否","01:06:01.97","1","0.0","01:05:48","01:06:02","461","491"
公路骑行,2023-07-04 20:55:49,false,"成都市 公路骑行","40.21","975","01:10:21","165","179","4.7","34.3","54.7","265","263","0.00","0.0","0.0","0","1:45","82","118","222","46% 左 / 54% 右","115.0","223","208","781","0.0","0.0","5748","0","0","0","0:00","0.0","0:00","否","01:10:21.32","1","0.0","01:10:17","01:10:21","460","492"
公路骑行,2023-07-03 20:13:48,false,"成都市 公路骑行","32.02","764","00:58:29","159","174","3.9","32.9","51.8","262","257","0.00","0.0","0.0","0","1:48","79","148","206","46% 左 / 54% 右","82.6","208","195","696","0.0","0.0","4520","0","0","0","0:00","0.0","0:00","否","58:29.14","1","0.0","00:57:59","00:58:29","458","489"
公路骑行,2023-07-02 20:14:39,false,"成都市 公路骑行","40.23","943","01:11:37","168","185","4.7","33.7","53.8","245","253","0.00","0.0","0.0","0","1:46","81","209","208","45% 左 / 55% 右","103.6","226","196","648","0.0","0.0","5713","0","0","0","0:00","0.0","0:00","否","01:11:37.04","1","0.0","01:11:10","01:11:37","462","492"
公路骑行,2023-07-01 20:35:47,false,"成都市 公路骑行","40.34","942","01:11:02","165","178","4.7","34.1","58.9","246","243","0.00","0.0","0.0","0","1:45","82","129","210","46% 左 / 54% 右","104.3","215","198","504","0.0","0.0","5729","0","0","0","0:00","0.0","0:00","否","01:11:02.08","1","0.0","01:10:58","01:11:02","462","490"
公路骑行,2023-06-30 20:14:34,false,"成都市 公路骑行","40.39","947","01:09:46","171","188","5.0","34.7","50.2","266","269","0.00","0.0","0.0","0","1:43","84","133","220","46% 左 / 54% 右","112.8","217","204","673","0.0","0.0","5779","0","0","0","0:00","0.0","0:00","否","01:09:46.21","1","0.0","01:09:42","01:10:20","461","494"
公路骑行,2023-06-20 19:50:25,false,"成都市 公路骑行","40.34","986","01:13:33","163","184","4.8","32.9","54.1","268","266","0.00","0.0","0.0","0","1:49","--","--","--","--","0.0","--","0","0","0.0","0.0","--","0","0","0","0:00","0.0","0:00","否","01:13:32.75","1","0.0","01:13:28","01:13:33","459","491"
公路骑行,2023-06-19 19:56:59,false,"成都市 公路骑行","40.35","996","01:12:04","166","184","5.0","33.6","52.3","253","253","0.00","0.0","0.0","0","1:47","--","--","--","--","0.0","--","0","0","0.0","0.0","--","0","0","0","0:00","0.0","0:00","否","01:12:03.88","1","0.0","01:12:04","01:12:04","462","492"
公路骑行,2023-06-18 20:25:24,false,"成都市 公路骑行","40.37","905","01:14:50","164","179","4.3","32.4","55.5","230","228","0.00","0.0","0.0","0","1:51","77","129","192","45% 左 / 55% 右","91.7","196","179","707","0.0","0.0","5553","0","0","0","0:00","0.0","0:00","否","01:14:50.09","1","0.0","01:14:42","01:14:50","462","491"
公路骑行,2023-06-16 14:16:49,false,"成都市 公路骑行","40.34","880","01:19:29","142","160","3.3","30.5","58.7","230","226","0.00","0.0","0.0","0","1:58","72","124","168","44% 左 / 56% 右","75.1","174","162","445","0.0","0.0","5678","0","0","0","0:00","0.0","0:00","否","01:19:28.97","1","0.0","01:19:24","01:19:29","465","496"
公路骑行,2023-06-15 12:02:53,false,"成都市 公路骑行","40.34","918","01:17:28","152","171","3.7","31.2","50.1","284","277","0.00","0.0","0.0","0","1:55","75","115","185","44% 左 / 56% 右","88.5","186","175","517","0.0","0.0","5695","0","0","0","0:00","0.0","0:00","否","01:17:28.19","1","0.0","01:17:22","01:17:28","463","493"
公路骑行,2023-06-14 16:18:15,false,"成都市 公路骑行","40.13","919","01:14:42","158","174","3.8","32.2","53.9","226","234","0.00","0.0","0.0","0","1:51","77","124","191","45% 左 / 55% 右","90.7","199","182","468","0.0","0.0","5670","0","0","0","0:00","0.0","0:00","否","01:14:42.35","1","0.0","01:14:08","01:14:42","463","500"
公路骑行,2023-06-13 20:19:26,false,"成都市 公路骑行","40.02","928","01:14:34","160","180","4.1","32.2","54.0","242","235","0.00","0.0","0.0","0","1:50","77","120","198","44% 左 / 56% 右","97.9","199","184","750","0.0","0.0","5710","0","0","0","0:00","0.0","0:00","否","01:14:34.39","1","0.0","01:13:38","01:14:34","462","491"
公路骑行,2023-06-12 20:12:17,false,"成都市 公路骑行","39.94","894","01:14:32","159","181","4.1","32.2","57.9","271","281","0.00","0.0","0.0","0","1:50","77","115","191","45% 左 / 55% 右","90.4","195","177","530","0.0","0.0","5666","0","0","0","0:00","0.0","0:00","否","01:14:31.71","1","0.0","01:13:29","01:14:32","460","492"
公路骑行,2023-06-10 20:16:26,false,"成都市 公路骑行","40.37","910","01:13:25","160","172","4.1","33.0","50.6","242","240","0.00","0.0","0.0","0","1:49","78","120","195","46% 左 / 54% 右","92.8","193","183","537","0.0","0.0","5646","0","0","0","0:00","0.0","0:00","否","01:13:24.51","1","0.0","01:13:20","01:13:25","463","493"
公路骑行,2023-06-09 12:15:54,false,"成都市 公路骑行","40.31","867","01:18:15","149","163","3.5","30.9","47.0","281","276","0.00","0.0","0.0","0","1:56","74","109","170","44% 左 / 56% 右","75.1","172","162","446","0.0","0.0","5698","0","0","0","0:00","0.0","0:00","否","01:18:15.11","1","0.0","01:18:07","01:18:15","463","493"
公路骑行,2023-06-08 20:02:34,false,"成都市 公路骑行","40.25","917","01:13:29","165","181","4.5","32.9","50.7","229","231","0.00","0.0","0.0","0","1:49","79","133","197","45% 左 / 55% 右","95.4","203","185","578","0.0","0.0","5774","0","0","0","0:00","0.0","0:00","否","01:13:28.61","1","0.0","01:13:08","01:13:29","466","496"
公路骑行,2023-06-07 11:59:25,false,"成都市 公路骑行","40.32","888","01:16:08","159","172","4.0","31.8","46.3","321","316","0.00","0.0","0.0","0","1:53","76","160","181","44% 左 / 56% 右","82.8","188","171","428","0.0","0.0","5775","0","0","0","0:00","0.0","0:00","否","01:16:08.11","1","0.0","01:16:02","01:16:08","463","498"
公路骑行,2023-06-06 11:59:40,false,"成都市 公路骑行","40.27","897","01:15:09","160","173","4.1","32.2","54.6","288","286","0.00","0.0","0.0","0","1:51","77","124","186","45% 左 / 55% 右","86.3","190","176","517","0.0","0.0","5752","0","0","0","0:00","0.0","0:00","否","01:15:09.05","1","0.0","01:14:58","01:15:09","461","494"
公路骑行,2023-06-05 12:01:21,false,"成都市 公路骑行","40.31","930","01:16:15","158","172","4.0","31.7","77.6","331","329","0.00","0.0","0.0","0","1:53","77","147","191","45% 左 / 56% 右","93.1","194","180","514","0.0","0.0","5808","0","0","0","0:00","0.0","0:00","否","01:16:14.94","1","0.0","01:16:09","01:16:15","462","495"
公路骑行,2023-06-02 14:03:40,false,"成都市 公路骑行","40.32","905","01:21:54","138","152","3.3","29.5","59.6","353","354","0.00","0.0","0.0","0","2:01","72","109","168","44% 左 / 56% 右","77.3","170","161","453","0.0","0.0","5785","0","0","0","0:00","0.0","0:00","否","01:21:53.77","1","0.0","01:21:44","01:21:54","468","499"
公路骑行,2023-06-01 18:57:16,false,"成都市 公路骑行","40.33","939","01:14:48","158","177","4.2","32.4","49.4","268","265","0.00","0.0","0.0","0","1:51","78","113","197","45% 左 / 55% 右","96.6","198","186","571","0.0","0.0","5772","0","0","0","0:00","0.0","0:00","否","01:14:48.05","1","0.0","01:14:43","01:14:48","465","493"
公路骑行,2023-05-31 11:57:10,false,"成都市 公路骑行","40.33","857","01:18:47","154","167","3.6","30.7","47.6","293","291","0.00","0.0","0.0","0","1:57","75","110","168","44% 左 / 56% 右","73.7","180","158","347","0.0","0.0","5742","0","0","0","0:00","0.0","0:00","否","01:18:46.64","1","0.0","01:18:42","01:18:47","466","500"
公路骑行,2023-05-30 20:04:28,false,"成都市 公路骑行","40.33","950","01:11:51","168","184","5.0","33.7","52.5","248","250","0.00","0.0","0.0","0","1:47","81","127","214","46% 左 / 54% 右","109.9","213","197","811","0.0","0.0","5688","0","0","0","0:00","0.0","0:00","否","01:11:51.28","1","0.0","01:11:45","01:11:51","462","493"
公路骑行,2023-05-29 11:53:12,false,"成都市 公路骑行","40.04","944","01:13:52","159","177","4.3","32.5","54.3","237","240","0.00","0.0","0.0","0","1:49","78","135","202","45% 左 / 55% 右","100.4","199","190","533","0.0","0.0","5717","0","0","0","0:00","0.0","0:00","否","01:13:51.64","1","0.0","01:13:08","01:13:52","450","482"
公路骑行,2023-05-26 12:05:30,false,"成都市 公路骑行","40.36","955","01:15:31","154","176","4.1","32.1","51.1","238","236","0.00","0.0","0.0","0","1:52","77","118","201","44% 左 / 56% 右","101.1","200","188","720","0.0","0.0","5748","0","0","0","0:00","0.0","0:00","否","01:15:30.64","1","0.0","01:15:24","01:15:31","466","494"
公路骑行,2023-05-25 14:17:25,false,"成都市 公路骑行","40.31","922","01:16:48","149","166","3.8","31.5","49.8","263","261","0.00","0.0","0.0","0","1:54","77","130","186","45% 左 / 55% 右","88.7","185","177","628","0.0","0.0","5782","0","0","0","0:00","0.0","0:00","否","01:16:47.87","1","0.0","01:16:43","01:16:48","463","495"
公路骑行,2023-05-24 11:57:34,false,"成都市 公路骑行","40.28","896","01:18:30","146","161","3.6","30.8","51.4","310","305","0.00","0.0","0.0","0","1:57","76","107","175","44% 左 / 56% 右","80.2","179","167","406","0.0","0.0","5863","0","0","0","0:00","0.0","0:00","否","01:18:29.98","1","0.0","01:18:23","01:19:55","466","501"
公路骑行,2023-05-23 11:54:53,false,"成都市 公路骑行","40.65","962","01:16:18","155","178","4.2","32.0","47.7","303","299","0.00","0.0","0.0","0","1:52","78","117","199","44% 左 / 56% 右","100.8","199","187","507","0.0","0.0","5879","0","0","0","0:00","0.0","0:00","否","01:16:18.15","1","0.0","01:15:55","01:16:18","466","496"
公路骑行,2023-05-22 11:56:09,false,"成都市 公路骑行","40.21","940","01:19:25","143","158","3.6","30.4","47.0","294","293","0.00","0.0","0.0","0","1:58","75","108","181","42% 左 / 58% 右","86.8","187","174","343","0.0","0.0","5906","0","0","0","0:00","0.0","0:00","否","01:19:25.31","1","0.0","01:18:56","01:19:25","469","500"
公路骑行,2023-05-20 19:47:39,false,"成都市 骑行","15.27","290","00:41:56","111","137","1.5","21.8","36.7","97","108","0.00","0.0","0.0","0","2:42","--","--","--","--","0.0","--","0","0","0.0","0.0","--","0","0","0","0:00","0.0","0:00","否","41:56.27","1","0.0","00:41:12","00:42:00","446","477"
公路骑行,2023-05-11 14:34:20,false,"成都市 公路骑行","70.96","1,619","02:39:49","152","175","4.6","26.6","54.7","534","534","0.00","0.0","0.0","0","2:15","72","135","173","44% 左 / 56% 右","159.0","210","146","872","0.0","0.0","9988","0","0","0","0:00","0.0","0:00","否","02:39:48.72","1","0.0","02:37:07","02:39:49","481","840"
公路骑行,2023-05-11 13:14:18,false,"成都市 公路骑行","16.24","340","00:37:38","138","156","2.6","25.9","42.6","59","59","0.00","0.0","0.0","0","2:16","77","116","156","42% 左 / 58% 右","29.7","139","129","449","0.0","0.0","2255","0","0","0","0:00","0.0","0:00","否","37:37.64","1","0.0","00:33:00","00:37:38","470","499"
公路骑行,2023-05-10 12:05:30,false,"成都市 公路骑行","40.34","979","01:15:32","154","171","4.0","32.0","52.9","278","279","0.00","0.0","0.0","0","1:52","78","124","201","44% 左 / 56% 右","101.4","203","193","467","0.0","0.0","5819","0","0","0","0:00","0.0","0:00","否","01:15:31.85","1","0.0","01:15:28","01:15:32","462","494"
公路骑行,2023-05-06 13:55:16,false,"成都市 公路骑行","40.33","943","01:15:11","156","171","4.0","32.2","48.6","303","300","0.00","0.0","0.0","0","1:52","79","120","194","44% 左 / 56% 右","94.3","200","186","584","0.0","0.0","5915","0","0","0","0:00","0.0","0:00","否","01:15:10.65","1","0.0","01:15:04","01:15:11","463","496"
公路骑行,2023-05-05 14:15:46,false,"成都市 公路骑行","40.31","873","01:19:55","146","164","3.3","30.3","46.8","237","231","0.00","0.0","0.0","0","1:59","74","155","167","43% 左 / 57% 右","73.9","177","159","568","0.0","0.0","5848","0","0","0","0:00","0.0","0:00","否","01:19:55.40","1","0.0","01:19:50","01:19:55","467","497"
公路骑行,2023-05-04 11:59:57,false,"成都市 公路骑行","40.27","916","01:13:51","160","180","4.1","32.7","55.7","262","267","0.00","0.0","0.0","0","1:50","80","128","197","44% 左 / 56% 右","95.4","206","183","460","0.0","0.0","5855","0","0","0","0:00","0.0","0:00","否","01:13:51.15","1","0.0","01:13:44","01:13:51","461","494"
公路骑行,2023-05-03 11:29:25,false,"成都市 公路骑行","40.31","976","01:11:58","156","172","4.2","33.6","61.5","330","331","0.00","0.0","0.0","0","1:47","82","133","215","45% 左 / 55% 右","110.3","210","203","625","0.0","0.0","5810","0","0","0","0:00","0.0","0:00","否","01:11:58.16","1","0.0","01:11:53","01:11:58","460","496"
公路骑行,2023-04-25 12:13:11,false,"成都市 公路骑行","40.36","964","01:15:31","150","185","4.3","32.1","47.1","313","304","0.00","0.0","0.0","0","1:52","78","109","206","43% 左 / 57% 右","106.7","227","190","556","0.0","0.0","5823","0","0","0","0:00","0.0","0:00","否","01:15:31.04","1","0.0","01:15:24","01:15:31","467","501"
公路骑行,2023-04-24 11:54:52,false,"成都市 公路骑行","48.75","1,096","01:39:21","133","148","3.2","29.4","51.0","375","373","0.00","0.0","0.0","0","2:02","71","110","167","43% 左 / 57% 右","92.6","169","161","338","0.0","0.0","6886","0","0","0","0:00","0.0","0:00","否","01:39:20.94","1","0.0","01:39:12","01:39:21","468","505"
公路骑行,2023-04-23 12:21:21,false,"成都市 公路骑行","40.35","959","01:17:51","141","159","3.6","31.1","59.0","411","414","0.00","0.0","0.0","0","1:55","78","114","190","44% 左 / 56% 右","93.2","190","182","510","0.0","0.0","5961","0","0","0","0:00","0.0","0:00","否","01:17:51.45","1","0.0","01:17:37","01:17:51","462","497"
公路骑行,2023-04-20 18:41:23,false,"成都市 公路骑行","40.26","921","01:14:28","158","173","4.2","32.4","56.5","251","252","0.00","0.0","0.0","0","1:51","80","115","190","46% 左 / 54% 右","89.7","193","183","512","0.0","0.0","5886","0","0","0","0:00","0.0","0:00","否","01:14:28.04","1","0.0","01:14:22","01:14:28","464","494"
公路骑行,2023-04-19 19:29:24,false,"成都市 公路骑行","40.33","917","01:12:06","169","188","5.0","33.6","53.6","304","307","0.00","0.0","0.0","0","1:47","82","118","208","47% 左 / 53% 右","103.6","207","189","568","0.0","0.0","5752","0","0","0","0:00","0.0","0:00","否","01:12:06.41","1","0.0","01:12:00","01:12:06","460","494"
公路骑行,2023-04-18 11:56:28,false,"成都市 公路骑行","40.33","867","01:18:03","150","163","3.6","31.0","49.1","258","257","0.00","0.0","0.0","0","1:56","76","123","168","44% 左 / 56% 右","73.7","170","162","470","0.0","0.0","5831","0","0","0","0:00","0.0","0:00","否","01:18:03.46","1","0.0","01:17:51","01:18:03","466","496"
公路骑行,2023-04-17 20:05:44,false,"成都市 公路骑行","40.32","903","01:13:33","163","181","4.9","32.9","54.0","242","246","0.00","0.0","0.0","0","1:49","81","124","191","47% 左 / 53% 右","89.0","194","182","609","0.0","0.0","5840","0","0","0","0:00","0.0","0:00","否","01:13:33.22","1","0.0","01:13:23","01:13:33","460","494"
公路骑行,2023-04-14 12:17:16,false,"成都市 公路骑行","40.31","910","01:17:25","155","175","4.2","31.2","58.8","268","268","0.00","0.0","0.0","0","1:55","77","111","182","44% 左 / 56% 右","85.7","194","173","562","0.0","0.0","5860","0","0","0","0:00","0.0","0:00","否","01:17:25.03","1","0.0","01:17:19","01:17:25","462","498"
公路骑行,2023-04-13 12:05:14,false,"成都市 公路骑行","40.30","902","01:20:57","149","164","3.7","29.9","50.2","293","292","0.00","0.0","0.0","0","2:00","76","115","170","44% 左 / 56% 右","77.8","173","162","602","0.0","0.0","6008","0","0","0","0:00","0.0","0:00","否","01:20:57.25","1","0.0","01:20:52","01:20:57","467","495"
公路骑行,2023-04-12 07:37:09,false,"成都市 公路骑行","40.32","878","01:21:10","146","164","3.6","29.8","52.9","222","224","0.00","0.0","0.0","0","2:01","75","114","165","43% 左 / 58% 右","73.3","165","157","489","0.0","0.0","6018","0","0","0","0:00","0.0","0:00","否","01:21:10.47","1","0.0","01:21:03","01:21:10","464","493"
公路骑行,2023-04-11 12:00:22,false,"成都市 公路骑行","40.19","820","01:20:50","160","177","4.4","29.8","49.7","264","260","0.00","0.0","0.0","0","2:00","76","108","154","43% 左 / 57% 右","63.7","160","146","443","0.0","0.0","6053","0","0","0","0:00","0.0","0:00","否","01:20:49.83","1","0.0","01:20:43","01:20:50","465","497"
公路骑行,2023-04-10 12:07:44,false,"成都市 公路骑行","40.14","907","01:15:43","160","174","4.6","31.8","49.0","252","254","0.00","0.0","0.0","0","1:52","81","131","186","44% 左 / 56% 右","87.5","195","176","477","0.0","0.0","6071","0","0","0","0:00","0.0","0:00","否","01:15:42.85","1","0.0","01:15:03","01:15:43","467","503"
公路骑行,2023-03-27 11:54:59,false,"成都市 公路骑行","40.35","993","01:14:19","146","182","4.2","32.6","50.0","245","243","0.00","0.0","0.0","0","1:50","80","109","210","44% 左 / 56% 右","109.3","216","199","524","0.0","0.0","5839","0","0","0","0:00","0.0","0:00","否","01:14:19.01","1","0.0","01:14:12","01:14:19","467","496"
公路骑行,2023-03-23 15:46:27,false,"成都市 公路骑行","40.47","938","01:23:59","140","157","3.4","28.9","52.9","310","313","0.00","0.0","0.0","0","2:04","74","123","172","44% 左 / 56% 右","82.9","182","163","472","0.0","0.0","6121","0","0","0","0:00","0.0","0:00","否","01:23:59.03","1","0.0","01:23:45","01:24:05","461","491"
公路骑行,2023-03-21 12:17:36,false,"成都市 公路骑行","40.31","942","01:15:38","149","175","4.0","32.0","48.4","255","251","0.00","0.0","0.0","0","1:52","80","132","196","45% 左 / 55% 右","96.3","206","184","548","0.0","0.0","6015","0","0","0","0:00","0.0","0:00","否","01:15:37.55","1","0.0","01:15:34","01:15:38","466","500"
公路骑行,2023-03-20 12:14:04,false,"成都市 公路骑行","40.29","942","01:16:53","151","179","4.1","31.4","49.6","238","237","0.00","0.0","0.0","0","1:54","80","116","199","45% 左 / 55% 右","101.0","195","181","722","0.0","0.0","6033","0","0","0","0:00","0.0","0:00","否","01:16:53.27","1","0.0","01:16:52","01:17:35","465","495"
公路骑行,2023-03-07 12:02:50,false,"成都市 公路骑行","40.28","933","01:17:47","137","166","3.5","31.1","48.7","230","226","0.00","0.0","0.0","0","1:56","80","130","193","44% 左 / 56% 右","96.2","194","177","702","0.0","0.0","6055","0","0","0","0:00","0.0","0:00","否","01:17:46.83","1","0.0","01:17:47","01:17:47","468","496"
公路骑行,2023-03-06 12:04:03,false,"成都市 公路骑行","40.32","975","01:14:01","149","164","4.0","32.7","49.2","237","233","0.00","0.0","0.0","0","1:50","82","144","205","45% 左 / 55% 右","103.6","206","196","552","0.0","0.0","5976","0","0","0","0:00","0.0","0:00","否","01:14:00.65","1","0.0","01:13:54","01:14:01","464","495"
公路骑行,2023-03-03 12:17:35,false,"成都市 公路骑行","40.29","1,000","01:14:20","154","173","4.2","32.5","53.9","294","287","0.00","0.0","0.0","0","1:50","82","119","210","44% 左 / 56% 右","109.5","212","201","473","0.0","0.0","6013","0","0","0","0:00","0.0","0:00","否","01:14:20.37","1","0.0","01:14:16","01:14:20","464","498"
公路骑行,2023-03-01 14:43:37,false,"成都市 公路骑行","40.34","998","01:15:48","148","167","3.8","31.9","49.6","271","265","0.00","0.0","0.0","0","1:53","81","119","203","44% 左 / 56% 右","104.4","206","196","485","0.0","0.0","6108","0","0","0","0:00","0.0","0:00","否","01:15:47.60","1","0.0","01:15:48","01:15:48","467","498"
公路骑行,2023-02-28 12:05:23,false,"成都市 公路骑行","40.43","993","01:19:11","149","165","3.9","30.6","48.5","209","205","0.00","0.0","0.0","0","1:57","80","134","193","43% 左 / 57% 右","98.6","202","186","538","0.0","0.0","6297","0","0","0","0:00","0.0","0:00","否","01:19:10.92","1","0.0","01:19:11","01:19:11","467","496"
公路骑行,2023-02-27 13:45:57,false,"成都市 公路骑行","39.90","993","01:15:55","152","173","4.0","31.5","49.5","221","222","0.00","0.0","0.0","0","1:53","80","117","204","45% 左 / 55% 右","105.7","202","195","650","0.0","0.0","6016","0","0","0","0:00","0.0","0:00","否","01:15:54.81","1","0.0","01:15:04","01:15:55","476","507"
公路骑行,2023-02-24 12:10:31,false,"成都市 公路骑行","40.31","1,001","01:15:22","155","171","4.2","32.1","48.1","294","289","0.00","0.0","0.0","0","1:52","81","129","206","44% 左 / 56% 右","106.3","208","198","633","0.0","0.0","6112","0","0","0","0:00","0.0","0:00","否","01:15:22.40","1","0.0","01:15:22","01:15:22","469","501"
公路骑行,2023-02-20 12:02:49,false,"成都市 公路骑行","40.27","987","01:16:14","148","166","3.8","31.7","48.0","199","197","0.00","0.0","0.0","0","1:54","79","118","203","45% 左 / 55% 右","104.6","209","193","444","0.0","0.0","5981","0","0","0","0:00","0.0","0:00","否","01:16:14.15","1","0.0","01:16:14","01:16:14","467","496"
公路骑行,2023-02-17 12:12:20,false,"成都市 公路骑行","40.45","934","01:23:52","141","160","3.1","28.9","49.3","212","207","0.00","0.0","0.0","0","2:04","71","132","168","43% 左 / 57% 右","78.7","170","163","325","0.0","0.0","5903","0","0","0","0:00","0.0","0:00","否","01:23:51.58","1","0.0","01:23:51","01:23:52","470","498"
公路骑行,2023-02-16 12:10:53,false,"成都市 公路骑行","40.31","1,049","01:16:18","154","169","4.2","31.7","48.5","210","204","0.00","0.0","0.0","0","1:53","83","114","212","45% 左 / 55% 右","114.3","215","206","532","0.0","0.0","6266","0","0","0","0:00","0.0","0:00","否","01:16:17.57","1","0.0","01:16:18","01:16:18","468","497"
公路骑行,2023-02-15 14:47:09,false,"成都市 公路骑行","40.35","1,030","01:16:40","154","171","4.1","31.6","49.7","203","201","0.00","0.0","0.0","0","1:54","80","115","209","45% 左 / 55% 右","111.4","213","201","458","0.0","0.0","6080","0","0","0","0:00","0.0","0:00","否","01:16:40.02","1","0.0","01:16:40","01:16:40","467","495"
公路骑行,2023-02-10 12:01:15,false,"成都市 公路骑行","40.32","979","01:16:40","148","167","3.5","31.6","47.6","204","200","0.00","0.0","0.0","0","1:54","78","110","198","46% 左 / 54% 右","99.7","198","189","508","0.0","0.0","5985","0","0","0","0:00","0.0","0:00","否","01:16:39.86","1","0.0","01:16:40","01:16:40","468","496"
公路骑行,2023-02-09 13:40:25,false,"成都市 公路骑行","39.92","1,009","01:14:42","154","170","4.1","32.1","48.3","286","286","0.00","0.0","0.0","0","1:51","80","170","209","47% 左 / 53% 右","109.1","215","202","471","0.0","0.0","5977","0","0","0","0:00","0.0","0:00","否","01:14:41.54","1","0.0","01:13:52","01:14:42","509","543"
公路骑行,2023-02-08 12:12:21,false,"成都市 公路骑行","30.00","577","01:00:00","148","173","3.3","30.0","45.1","101","116","0.00","0.0","0.0","0","1:53","75","104","211","47% 左 / 53% 右","63.6","207","199","473","0.0","0.0","3240","0","0","0","0:00","0.0","0:00","否","43:14.93","1","0.0","00:42:45","00:43:15","473","500"
公路骑行,2023-02-06 12:01:20,false,"成都市 公路骑行","40.34","1,007","01:16:12","152","167","3.8","31.8","48.5","198","193","0.00","0.0","0.0","0","1:53","78","113","205","45% 左 / 55% 右","107.0","207","197","428","0.0","0.0","5936","0","0","0","0:00","0.0","0:00","否","01:16:11.72","1","0.0","01:16:09","01:16:12","468","497"
公路骑行,2023-02-03 12:06:44,false,"成都市 公路骑行","40.31","983","01:16:19","144","161","3.5","31.7","48.6","227","220","0.00","0.0","0.0","0","1:53","78","111","198","45% 左 / 55% 右","99.7","202","191","468","0.0","0.0","5910","0","0","0","0:00","0.0","0:00","否","01:16:18.63","1","0.0","01:16:19","01:16:19","466","500"
公路骑行,2023-02-02 14:28:35,false,"成都市 公路骑行","40.32","954","01:16:26","144","162","3.5","31.6","46.1","207","204","0.00","0.0","0.0","0","1:54","76","103","194","46% 左 / 54% 右","95.7","200","185","474","0.0","0.0","5788","0","0","0","0:00","0.0","0:00","否","01:16:26.36","1","0.0","01:16:26","01:16:26","464","495"
公路骑行,2023-02-01 15:05:22,false,"成都市 公路骑行","40.35","923","01:18:20","143","156","3.3","30.9","46.7","240","234","0.00","0.0","0.0","0","1:56","78","111","180","46% 左 / 54% 右","84.1","180","173","410","0.0","0.0","6065","0","0","0","0:00","0.0","0:00","否","01:18:19.99","1","0.0","01:18:20","01:18:20","466","499"
公路骑行,2023-01-31 15:04:12,false,"成都市 公路骑行","40.49","1,016","01:13:28","156","172","4.2","33.1","52.4","242","237","0.00","0.0","0.0","0","1:49","81","115","218","47% 左 / 53% 右","116.4","222","207","611","0.0","0.0","5919","0","0","0","0:00","0.0","0:00","否","01:13:28.08","1","0.0","01:13:28","01:13:28","462","497"
公路骑行,2023-01-30 15:50:03,false,"成都市 公路骑行","40.36","1,006","01:15:22","150","170","3.9","32.1","52.5","198","197","0.00","0.0","0.0","0","1:52","78","119","211","46% 左 / 54% 右","111.8","227","199","573","0.0","0.0","5884","0","0","0","0:00","0.0","0:00","否","01:15:21.71","1","0.0","01:15:17","01:15:22","467","495"
公路骑行,2023-01-29 12:03:01,false,"成都市 公路骑行","40.40","1,008","01:15:24","150","172","3.9","32.2","51.6","236","232","0.00","0.0","0.0","0","1:52","80","122","211","46% 左 / 54% 右","111.8","225","200","520","0.0","0.0","5978","0","0","0","0:00","0.0","0:00","否","01:15:23.60","1","0.0","01:15:18","01:15:24","470","501"
公路骑行,2023-01-28 12:02:44,false,"成都市 公路骑行","40.33","1,014","01:16:49","145","164","3.7","31.5","43.7","220","207","0.00","0.0","0.0","0","1:54","79","105","208","45% 左 / 55% 右","109.3","215","200","438","0.0","0.0","5902","0","0","0","0:00","0.0","0:00","否","07:49.31","2","0.0","01:16:25","01:16:52","465","498"
公路骑行,2023-01-27 12:09:39,false,"成都市 公路骑行","40.43","1,080","01:16:13","153","173","4.0","31.8","47.8","212","207","0.00","0.0","0.0","0","1:53","78","109","222","45% 左 / 55% 右","125.5","225","213","571","0.0","0.0","5953","0","0","0","0:00","0.0","0:00","否","01:16:12.60","1","0.0","01:16:07","01:16:13","469","497"
公路骑行,2023-01-26 12:22:58,false,"成都市 公路骑行","40.42","1,089","01:16:18","153","169","4.2","31.8","48.3","211","208","0.00","0.0","0.0","0","1:53","82","168","223","45% 左 / 55% 右","126.1","231","215","506","0.0","0.0","6199","0","0","0","0:00","0.0","0:00","否","01:16:18.33","1","0.0","01:16:03","01:16:18","466","496"
公路骑行,2023-01-25 14:21:02,false,"成都市 公路骑行","39.71","1,063","01:17:28","152","175","4.1","30.8","47.3","204","202","0.00","0.0","0.0","0","1:54","79","109","219","46% 左 / 54% 右","124.1","223","205","604","0.0","0.0","6000","0","0","0","0:00","0.0","0:00","否","01:17:28.21","1","0.0","01:15:36","01:17:28","465","493"
公路骑行,2023-01-20 12:29:55,false,"成都市 公路骑行","40.40","1,067","01:18:20","150","172","4.0","30.9","52.0","212","209","0.00","0.0","0.0","0","1:56","81","145","214","45% 左 / 55% 右","119.0","219","204","645","0.0","0.0","6263","0","0","0","0:00","0.0","0:00","否","00:07.84","2","0.0","01:18:09","01:18:20","466","497"
公路骑行,2023-01-19 12:12:29,false,"成都市 公路骑行","40.40","1,026","01:21:30","144","160","3.6","29.7","45.2","219","214","0.00","0.0","0.0","0","2:01","78","103","193","44% 左 / 56% 右","101.3","195","187","417","0.0","0.0","6316","0","0","0","0:00","0.0","0:00","否","01:21:29.90","1","0.0","01:21:18","01:21:30","467","496"
公路骑行,2023-01-18 12:20:36,false,"成都市 公路骑行","40.35","1,034","01:19:43","146","164","3.7","30.4","50.1","217","212","0.00","0.0","0.0","0","1:58","79","111","200","45% 左 / 55% 右","106.1","201","193","560","0.0","0.0","6270","0","0","0","0:00","0.0","0:00","否","00:18.13","2","0.0","01:19:19","01:19:43","469","498"
公路骑行,2023-01-17 12:14:08,false,"成都市 公路骑行","40.41","983","01:23:18","138","166","3.2","29.1","49.9","212","214","0.00","0.0","0.0","0","2:03","72","110","182","44% 左 / 56% 右","92.2","191","173","715","0.0","0.0","6001","0","0","0","0:00","0.0","0:00","否","00:15.13","2","0.0","01:23:02","01:23:18","466","496"
公路骑行,2023-01-16 11:56:34,false,"成都市 公路骑行","40.40","998","01:22:22","138","159","3.3","29.4","45.8","215","212","0.00","0.0","0.0","0","2:02","74","146","187","44% 左 / 56% 右","95.9","188","179","445","0.0","0.0","6078","0","0","0","0:00","0.0","0:00","否","00:08.05","2","0.0","01:22:10","01:22:22","469","498"
公路骑行,2023-01-15 15:08:57,false,"成都市 公路骑行","40.48","1,017","01:22:01","141","162","3.5","29.6","43.2","237","239","0.00","0.0","0.0","0","2:01","76","101","192","44% 左 / 56% 右","100.7","191","184","424","0.0","0.0","6133","0","0","0","0:00","0.0","0:00","否","00:07.78","2","0.0","01:21:49","01:22:01","465","495"
公路骑行,2023-01-14 13:35:13,false,"成都市 公路骑行","40.48","1,000","01:21:22","143","163","3.6","29.8","47.8","205","206","0.00","0.0","0.0","0","2:01","77","110","191","45% 左 / 55% 右","99.3","201","182","422","0.0","0.0","6169","0","0","0","0:00","0.0","0:00","否","00:44.34","2","0.0","01:20:54","01:21:22","468","495"
公路骑行,2023-01-13 12:07:16,false,"成都市 公路骑行","40.43","933","01:20:37","143","158","3.3","30.1","47.7","202","201","0.00","0.0","0.0","0","2:00","75","106","177","45% 左 / 55% 右","83.7","183","170","386","0.0","0.0","6046","0","0","0","0:00","0.0","0:00","否","01:20:36.54","1","0.0","01:20:36","01:20:37","466","494"
公路骑行,2023-01-12 11:56:39,false,"成都市 公路骑行","40.37","986","01:15:42","153","169","4.0","32.0","49.9","235","229","0.00","0.0","0.0","0","1:52","80","114","204","46% 左 / 54% 右","105.0","207","194","679","0.0","0.0","6049","0","0","0","0:00","0.0","0:00","否","01:15:42.50","1","0.0","01:15:42","01:15:42","465","500"
公路骑行,2023-01-11 12:09:16,false,"成都市 公路骑行","40.53","968","01:19:13","146","167","3.7","30.7","47.3","199","197","0.00","0.0","0.0","0","1:57","75","104","191","47% 左 / 53% 右","95.9","202","180","466","0.0","0.0","5906","0","0","0","0:00","0.0","0:00","否","00:13.73","2","0.0","01:19:06","01:19:13","469","497"
公路骑行,2023-01-10 12:19:42,false,"成都市 公路骑行","40.52","954","01:24:32","137","156","3.2","28.8","45.3","204","200","0.00","0.0","0.0","0","2:05","73","106","175","45% 左 / 55% 右","86.1","186","165","415","0.0","0.0","6051","0","0","0","0:00","0.0","0:00","否","01:24:32.19","1","0.0","01:23:43","01:24:32","468","496"
公路骑行,2023-01-09 12:04:00,false,"成都市 公路骑行","40.44","995","01:18:00","152","168","3.9","31.1","47.2","262","250","0.00","0.0","0.0","0","1:55","75","107","202","46% 左 / 54% 右","106.0","196","190","595","0.0","0.0","5860","0","0","0","0:00","0.0","0:00","否","01:18:00.50","1","0.0","01:17:56","01:18:00","466","497"
公路骑行,2023-01-08 12:08:50,false,"成都市 公路骑行","40.43","1,023","01:15:06","162","183","4.9","32.3","48.1","222","217","0.00","0.0","0.0","0","1:51","81","106","215","46% 左 / 54% 右","115.1","233","204","564","0.0","0.0","6071","0","0","0","0:00","0.0","0:00","否","01:15:06.47","1","0.0","01:15:06","01:15:06","466","497"
公路骑行,2023-01-07 12:35:41,false,"成都市 公路骑行","40.45","964","01:23:25","149","165","3.6","29.1","44.5","199","194","0.00","0.0","0.0","0","2:04","76","138","176","46% 左 / 54% 右","85.9","177","170","392","0.0","0.0","6348","0","0","0","0:00","0.0","0:00","否","01:23:24.70","1","0.0","01:23:24","01:23:25","470","497"
公路骑行,2023-01-06 12:25:33,false,"成都市 公路骑行","40.43","1,020","01:16:36","158","174","4.5","31.7","47.7","257","249","0.00","0.0","0.0","0","1:53","82","111","207","46% 左 / 54% 右","109.8","216","199","594","0.0","0.0","6247","0","0","0","0:00","0.0","0:00","否","00:51.32","9","0.0","01:16:10","01:16:36","467","499"
公路骑行,2023-01-05 12:01:03,false,"成都市 公路骑行","40.42","999","01:17:06","155","172","4.4","31.4","44.5","210","205","0.00","0.0","0.0","0","1:54","80","152","201","46% 左 / 54% 右","103.3","210","193","429","0.0","0.0","6134","0","0","0","0:00","0.0","0:00","否","00:48.29","9","0.0","01:17:03","01:17:06","467","496"
公路骑行,2023-01-04 12:11:10,false,"成都市 公路骑行","40.57","969","01:25:00","143","162","3.6","28.6","44.8","207","204","0.00","0.0","0.0","0","2:05","75","146","175","44% 左 / 56% 右","86.8","180","167","461","0.0","0.0","6311","0","0","0","0:00","0.0","0:00","否","01:34.72","9","0.0","01:24:48","01:25:00","466","497"
公路骑行,2023-01-03 12:05:50,false,"成都市 公路骑行","40.25","1,045","01:19:08","156","173","4.4","30.5","47.3","207","203","0.00","0.0","0.0","0","1:57","81","147","204","45% 左 / 55% 右","109.4","210","197","435","0.0","0.0","6404","0","0","0","0:00","0.0","0:00","否","00:28.04","9","0.0","01:18:41","01:19:08","470","501"
公路骑行,2023-01-02 13:30:55,false,"成都市 公路骑行","40.47","1,025","01:17:56","156","174","4.3","31.2","45.0","207","204","0.00","0.0","0.0","0","1:55","77","133","205","45% 左 / 55% 右","109.4","208","196","437","0.0","0.0","5937","0","0","0","0:00","0.0","0:00","否","00:57.30","9","0.0","01:17:54","01:17:56","467","494"
公路骑行,2022-12-30 12:28:06,false,"成都市 公路骑行","40.51","977","01:24:48","140","161","3.4","28.7","43.1","221","217","0.00","0.0","0.0","0","2:05","73","99","177","43% 左 / 57% 右","88.5","179","169","424","0.0","0.0","6143","0","0","0","0:00","0.0","0:00","否","01:36.36","9","0.0","01:24:23","01:24:48","468","497"
公路骑行,2022-12-29 12:23:55,false,"成都市 公路骑行","40.33","976","01:23:36","142","156","3.5","28.9","44.7","209","204","0.00","0.0","0.0","0","2:04","76","141","177","43% 左 / 57% 右","87.4","178","171","402","0.0","0.0","6293","0","0","0","0:00","0.0","0:00","否","00:48.79","9","0.0","01:23:32","01:23:36","469","496"
公路骑行,2022-12-28 14:56:49,false,"成都市 公路骑行","40.65","983","01:23:25","147","168","3.7","29.2","46.6","201","204","0.00","0.0","0.0","0","2:03","75","116","182","43% 左 / 57% 右","92.4","187","173","446","0.0","0.0","6191","0","0","0","0:00","0.0","0:00","否","01:41.96","9","0.0","01:23:19","01:23:25","475","502"
公路骑行,2022-12-27 16:29:15,false,"成都市 公路骑行","40.34","1,023","01:21:06","149","168","4.0","29.8","49.0","218","222","0.00","0.0","0.0","0","2:00","76","112","195","44% 左 / 56% 右","102.7","199","187","461","0.0","0.0","6088","0","0","0","0:00","0.0","0:00","否","00:41.11","9","0.0","01:21:01","01:21:06","461","492"
公路骑行,2022-12-26 12:14:03,false,"成都市 公路骑行","40.14","1,032","01:20:52","148","171","4.1","29.8","45.4","222","219","0.00","0.0","0.0","0","1:59","79","109","202","45% 左 / 55% 右","109.4","202","190","559","0.0","0.0","6390","0","0","0","0:00","0.0","0:00","否","00:15.50","9","0.0","01:19:49","01:20:52","467","497"
公路骑行,2022-12-23 12:11:01,false,"成都市 公路骑行","40.61","944","01:22:56","146","166","3.7","29.4","46.0","219","215","0.00","0.0","0.0","0","2:02","78","147","175","45% 左 / 55% 右","84.2","183","166","509","0.0","0.0","6390","0","0","0","0:00","0.0","0:00","否","01:13.40","9","0.0","01:22:53","01:22:56","477","506"
公路骑行,2022-12-22 13:36:12,false,"成都市 公路骑行","40.66","942","01:22:56","146","169","3.7","29.4","47.8","219","215","0.00","0.0","0.0","0","2:02","79","118","176","45% 左 / 55% 右","85.1","183","166","457","0.0","0.0","6463","0","0","0","0:00","0.0","0:00","否","01:23.22","9","0.0","01:22:51","01:22:56","477","505"
公路骑行,2022-12-21 12:39:44,false,"成都市 公路骑行","40.66","959","01:20:01","152","173","4.1","30.5","46.2","203","198","0.00","0.0","0.0","0","1:58","80","143","188","45% 左 / 55% 右","94.6","202","177","403","0.0","0.0","6247","0","0","0","0:00","0.0","0:00","否","01:22.58","9","0.0","01:19:48","01:20:01","468","495"
公路骑行,2022-12-20 12:16:18,false,"成都市 公路骑行","40.62","1,021","01:22:02","154","168","4.0","29.7","45.5","206","202","0.00","0.0","0.0","0","2:01","80","126","192","44% 左 / 56% 右","100.8","193","184","382","0.0","0.0","6503","0","0","0","0:00","0.0","0:00","否","01:17.65","9","0.0","01:21:43","01:22:02","477","505"
公路骑行,2022-12-14 14:00:18,false,"成都市 公路骑行","40.53","940","01:26:41","133","149","3.1","28.1","43.2","204","199","0.00","0.0","0.0","0","2:08","74","150","164","43% 左 / 57% 右","77.6","165","157","311","0.0","0.0","6411","0","0","0","0:00","0.0","0:00","否","01:14.72","9","0.0","01:26:40","01:26:43","479","506"
公路骑行,2022-12-08 13:26:50,false,"成都市 公路骑行","40.49","972","01:23:51","141","158","3.3","29.0","45.6","207","204","0.00","0.0","0.0","0","2:03","76","138","176","45% 左 / 55% 右","87.0","178","170","516","0.0","0.0","6325","0","0","0","0:00","0.0","0:00","否","01:00.68","9","0.0","01:23:24","01:23:51","467","494"
公路骑行,2022-12-07 13:29:08,false,"成都市 公路骑行","40.56","965","01:22:25","142","163","3.4","29.5","44.1","209","206","0.00","0.0","0.0","0","2:02","79","102","179","46% 左 / 54% 右","88.3","180","172","437","0.0","0.0","6405","0","0","0","0:00","0.0","0:00","否","01:14.64","9","0.0","01:22:15","01:22:25","477","505"
公路骑行,2022-12-06 13:54:58,false,"成都市 公路骑行","40.60","955","01:22:10","143","155","3.4","29.6","46.1","229","226","0.00","0.0","0.0","0","2:01","79","128","177","47% 左 / 53% 右","85.7","179","170","387","0.0","0.0","6413","0","0","0","0:00","0.0","0:00","否","01:15.66","9","0.0","01:22:08","01:22:10","476","505"
公路骑行,2022-11-29 12:41:14,false,"成都市 公路骑行","40.23","962","01:17:39","146","164","3.6","31.1","50.3","208","216","0.00","0.0","0.0","0","1:56","80","108","190","49% 左 / 51% 右","93.2","191","183","476","0.0","0.0","6108","0","0","0","0:00","0.0","0:00","否","00:26.15","9","0.0","01:17:37","01:17:39","472","502"
公路骑行,2022-11-27 13:33:09,false,"成都市 公路骑行","40.57","996","01:15:30","158","175","4.3","32.2","51.8","248","242","0.00","0.0","0.0","0","1:51","87","134","204","49% 左 / 51% 右","105.1","207","197","604","0.0","0.0","6404","0","0","0","0:00","0.0","0:00","否","01:10.93","9","0.0","01:15:28","01:15:30","479","507"
公路骑行,2022-11-26 11:46:24,false,"成都市 公路骑行","40.54","1,052","01:17:00","151","167","4.0","31.6","49.3","231","222","0.00","0.0","0.0","0","1:54","83","133","212","48% 左 / 52% 右","115.0","216","204","509","0.0","0.0","6230","0","0","0","0:00","0.0","0:00","否","01:05.74","9","0.0","01:16:58","01:17:00","469","500"
公路骑行,2022-11-25 12:31:22,false,"成都市 公路骑行","40.57","1,052","01:17:17","151","166","4.0","31.5","47.7","214","207","0.00","0.0","0.0","0","1:54","82","120","209","47% 左 / 53% 右","112.1","219","203","392","0.0","0.0","6302","0","0","0","0:00","0.0","0:00","否","01:08.07","9","0.0","01:17:14","01:17:17","478","507"
公路骑行,2022-11-24 13:52:43,false,"成都市 公路骑行","32.46","816","01:02:30","150","164","3.7","31.2","49.6","200","194","0.00","0.0","0.0","0","1:56","83","112","202","48% 左 / 52% 右","84.4","202","194","489","0.0","0.0","5057","0","0","0","0:00","0.0","0:00","否","04:46.50","7","0.0","01:02:22","01:02:30","477","506"
公路骑行,2022-11-23 14:45:28,false,"成都市 公路骑行","40.50","1,062","01:16:04","158","176","4.6","31.9","49.4","241","242","0.00","0.0","0.0","0","1:52","85","114","215","48% 左 / 52% 右","116.7","225","209","462","0.0","0.0","6420","0","0","0","0:00","0.0","0:00","否","00:59.64","9","0.0","01:16:02","01:16:04","474","505"
公路骑行,2022-11-22 12:05:02,false,"成都市 公路骑行","40.56","986","01:20:40","153","173","4.1","30.2","46.2","258","250","0.00","0.0","0.0","0","1:59","83","160","189","46% 左 / 54% 右","95.9","205","180","440","0.0","0.0","6555","0","0","0","0:00","0.0","0:00","否","01:12.29","9","0.0","01:20:39","01:20:40","476","505"
公路骑行,2022-11-21 13:06:23,false,"成都市 公路骑行","32.36","837","01:00:23","164","176","4.7","32.2","52.7","202","201","0.00","0.0","0.0","0","1:52","88","116","213","47% 左 / 53% 右","91.3","219","208","460","0.0","0.0","5224","0","0","0","0:00","0.0","0:00","否","04:44.54","7","0.0","01:00:21","01:00:23","463","498"
公路骑行,2022-11-20 12:31:01,false,"成都市 公路骑行","40.56","1,001","01:17:51","154","167","4.4","31.3","47.8","217","207","0.00","0.0","0.0","0","1:55","87","146","196","49% 左 / 51% 右","99.6","200","191","402","0.0","0.0","6735","0","0","0","0:00","0.0","0:00","否","01:10.10","9","0.0","01:17:49","01:17:51","479","509"
公路骑行,2022-11-19 13:33:00,false,"成都市 公路骑行","32.45","824","01:00:37","156","175","5.0","32.1","48.0","246","242","0.00","0.0","0.0","0","1:52","88","116","211","48% 左 / 52% 右","89.9","210","203","599","0.0","0.0","5279","0","0","0","0:00","0.0","0:00","否","04:47.98","7","0.0","01:00:35","01:00:37","467","497"
公路骑行,2022-11-14 13:09:21,false,"丽江市 公路骑行","38.05","639","01:22:59","142","155","2.9","27.5","52.5","450","441","0.00","0.0","0.0","0","2:10","79","142","115","70% 左 / 30% 右","36.5","117","105","558","0.0","0.0","6055","0","0","0","0:00","0.0","0:00","否","05:12.61","8","0.0","01:22:50","01:22:59","2,393","2,725"
公路骑行,2022-11-12 13:27:49,false,"大理白族自治州 公路骑行","40.14","719","01:11:11","149","159","3.4","33.8","41.9","117","130","0.00","0.0","0.0","0","1:47","84","136","148","62% 左 / 38% 右","51.6","148","145","452","0.0","0.0","5923","0","0","0","0:00","0.0","0:00","否","00:13.13","9","0.0","01:11:07","01:11:11","1,965","2,093"
公路骑行,2022-11-11 14:39:29,false,"大理白族自治州 公路骑行","41.23","721","01:18:03","151","163","3.4","31.7","53.1","332","322","0.00","0.0","0.0","0","1:53","84","139","140","64% 左 / 36% 右","50.7","140","130","559","0.0","0.0","6342","0","0","0","0:00","0.0","0:00","否","03:12.39","9","0.0","01:18:01","01:18:03","1,993","2,030"
公路骑行,2022-11-10 13:08:48,false,"大理白族自治州 公路骑行","34.08","613","01:03:40","152","172","3.3","32.1","54.2","163","161","0.00","0.0","0.0","0","1:52","86","119","149","63% 左 / 37% 右","47.2","152","137","563","0.0","0.0","5230","0","0","0","0:00","0.0","0:00","否","06:55.20","7","0.0","01:03:40","01:03:40","1,961","2,007"
公路骑行,2022-11-09 14:02:42,false,"大理白族自治州 公路骑行","46.90","858","01:42:58","146","163","3.4","27.3","47.4","306","351","0.00","0.0","0.0","0","2:12","78","119","138","61% 左 / 39% 右","64.5","145","116","615","0.0","0.0","6778","0","0","0","0:00","0.0","0:00","否","08:36.79","10","0.0","01:38:13","01:42:58","1,987","2,165"
公路骑行,2022-11-08 13:03:25,false,"昆明市 公路骑行","40.88","760","01:13:39","151","164","3.4","33.3","49.1","161","156","0.00","0.0","0.0","0","1:49","84","151","159","59% 左 / 41% 右","61.9","159","148","633","0.0","0.0","5896","0","0","0","0:00","0.0","0:00","否","01:44.98","9","0.0","01:11:59","01:13:39","1,886","1,898"
公路骑行,2022-11-07 13:13:06,false,"昆明市 公路骑行","40.07","754","01:13:23","152","163","3.4","32.8","49.0","250","155","0.00","0.0","0.0","0","1:49","84","145","161","60% 左 / 40% 右","63.0","158","148","678","0.0","0.0","5935","0","0","0","0:00","0.0","0:00","否","00:08.14","9","0.0","01:13:21","01:13:23","1,886","2,024"
公路骑行,2022-11-06 13:41:00,false,"昆明市 公路骑行","38.18","691","01:14:40","152","169","3.6","30.7","49.5","167","163","0.00","0.0","0.0","0","1:57","81","149","160","59% 左 / 41% 右","59.9","154","141","522","0.0","0.0","4981","0","0","0","0:00","0.0","0:00","否","01:20.57","10","0.0","01:12:16","01:14:41","1,886","1,898"
公路骑行,2022-11-04 17:18:37,false,"成都市 公路骑行","32.43","842","01:00:04","155","175","4.0","32.4","47.9","158","160","0.00","0.0","0.0","0","1:51","86","109","222","46% 左 / 54% 右","98.8","222","210","577","0.0","0.0","4980","0","0","0","0:00","0.0","0:00","否","04:15.73","7","0.0","01:00:02","01:00:04","465","493"
公路骑行,2022-11-02 12:41:20,false,"成都市 公路骑行","32.29","787","01:01:21","148","160","3.7","31.6","45.8","173","172","0.00","0.0","0.0","0","1:54","84","125","199","46% 左 / 54% 右","80.5","197","190","478","0.0","0.0","5062","0","0","0","0:00","0.0","0:00","否","04:24.35","7","0.0","01:01:13","01:01:21","467","500"
公路骑行,2022-11-01 11:23:43,false,"成都市 公路骑行","32.43","801","01:01:52","153","172","3.8","31.5","47.6","231","230","0.00","0.0","0.0","0","1:54","85","132","202","46% 左 / 54% 右","84.2","210","192","639","0.0","0.0","5155","0","0","0","0:00","0.0","0:00","否","04:31.83","7","0.0","01:01:50","01:01:52","473","506"
公路骑行,2022-10-31 11:40:18,false,"成都市 公路骑行","40.56","987","01:18:58","149","163","3.9","30.8","44.3","243","235","0.00","0.0","0.0","0","1:57","85","146","194","45% 左 / 55% 右","98.7","201","185","481","0.0","0.0","6564","0","0","0","0:00","0.0","0:00","否","01:15.48","9","0.0","01:18:56","01:18:58","478","510"
公路骑行,2022-10-30 13:18:49,false,"成都市 公路骑行","40.58","1,063","01:17:15","156","170","4.4","31.5","47.3","264","261","0.00","0.0","0.0","0","1:54","87","114","214","44% 左 / 56% 右","118.2","219","206","516","0.0","0.0","6590","0","0","0","0:00","0.0","0:00","否","01:06.54","9","0.0","01:17:13","01:17:15","475","506"
公路骑行,2022-10-28 12:07:22,false,"成都市 公路骑行","40.62","1,060","01:20:52","148","164","4.0","30.1","45.3","213","206","0.00","0.0","0.0","0","2:00","82","146","206","43% 左 / 57% 右","114.6","208","198","469","0.0","0.0","6542","0","0","0","0:00","0.0","0:00","否","01:22.53","9","0.0","01:20:49","01:20:52","477","509"
公路骑行,2022-10-23 08:51:29,false,"成都市 公路骑行","40.57","1,019","01:19:36","147","162","3.8","30.6","46.0","244","245","0.00","0.0","0.0","0","1:58","83","137","196","42% 左 / 58% 右","101.6","200","190","468","0.0","0.0","6528","0","0","0","0:00","0.0","0:00","否","01:15.66","9","0.0","01:19:34","01:19:36","459","492"
公路骑行,2022-10-22 12:06:15,false,"成都市 公路骑行","40.56","985","01:19:26","152","162","3.9","30.6","46.4","254","251","0.00","0.0","0.0","0","1:57","79","105","191","42% 左 / 58% 右","97.0","195","183","529","0.0","0.0","6230","0","0","0","0:00","0.0","0:00","否","01:05.55","9","0.0","01:19:25","01:19:26","473","504"
公路骑行,2022-10-21 11:16:54,false,"成都市 公路骑行","40.59","996","01:20:17","145","165","3.8","30.3","45.3","258","255","0.00","0.0","0.0","0","1:59","77","104","190","44% 左 / 56% 右","96.9","204","183","461","0.0","0.0","6112","0","0","0","0:00","0.0","0:00","否","01:08.51","9","0.0","01:20:15","01:20:17","475","505"
公路骑行,2022-10-20 12:15:28,false,"成都市 公路骑行","40.48","991","01:20:06","148","178","3.9","30.3","47.2","261","263","0.00","0.0","0.0","0","1:59","78","110","194","43% 左 / 57% 右","100.8","189","182","547","0.0","0.0","6210","0","0","0","0:00","0.0","0:00","否","01:07.70","9","0.0","01:20:03","01:20:06","460","496"
公路骑行,2022-10-19 12:31:42,false,"成都市 公路骑行","40.50","1,018","01:18:04","149","164","4.0","31.1","46.1","268","271","0.00","0.0","0.0","0","1:56","78","121","202","44% 左 / 56% 右","105.9","204","193","401","0.0","0.0","6027","0","0","0","0:00","0.0","0:00","否","01:01.13","9","0.0","01:18:01","01:18:04","475","505"
公路骑行,2022-10-17 12:25:17,false,"成都市 公路骑行","32.11","776","01:03:10","150","164","3.9","30.5","45.5","202","194","0.00","0.0","0.0","0","1:58","82","124","191","43% 左 / 57% 右","76.5","191","181","417","0.0","0.0","5001","0","0","0","0:00","0.0","0:00","否","03:51.09","7","0.0","01:03:08","01:03:10","466","495"
公路骑行,2022-10-16 17:02:23,false,"成都市 公路骑行","40.48","1,010","01:17:01","155","169","4.5","31.5","47.0","227","229","0.00","0.0","0.0","0","1:54","83","142","206","44% 左 / 56% 右","109.4","211","195","620","0.0","0.0","6052","0","0","0","0:00","0.0","0:00","否","00:56.65","9","0.0","01:16:43","01:17:01","464","494"
公路骑行,2022-10-14 17:10:06,false,"成都市 公路骑行","32.59","648","01:24:45","118","139","2.5","23.1","43.3","200","203","0.00","0.0","0.0","0","2:36","66","112","123","37% 左 / 63% 右","42.4","115","104","301","0.0","0.0","4814","0","0","0","0:00","0.0","0:00","否","07:09.18","7","0.0","01:24:14","01:24:45","463","495"
公路骑行,2022-10-13 15:06:09,false,"成都市 公路骑行","32.40","811","01:05:22","149","164","3.7","29.7","43.7","171","163","0.00","0.0","0.0","0","2:01","82","118","193","43% 左 / 57% 右","80.7","189","183","421","0.0","0.0","5211","0","0","0","0:00","0.0","0:00","否","04:05.45","7","0.0","01:05:20","01:05:22","473","505"
公路骑行,2022-10-11 12:47:41,false,"成都市 公路骑行","40.38","1,022","01:18:58","150","173","4.1","30.7","44.4","229","225","0.00","0.0","0.0","0","1:57","81","143","201","44% 左 / 56% 右","105.9","201","192","396","0.0","0.0","6293","0","0","0","0:00","0.0","0:00","否","00:46.10","9","0.0","01:18:52","01:18:58","465","496"
公路骑行,2022-10-10 13:44:12,false,"成都市 公路骑行","32.29","800","01:05:40","151","176","4.0","29.5","45.5","217","215","0.00","0.0","0.0","0","2:02","79","148","193","44% 左 / 56% 右","81.3","203","180","481","0.0","0.0","5020","0","0","0","0:00","0.0","0:00","否","04:35.78","7","0.0","01:05:37","01:05:40","466","497"
公路骑行,2022-10-09 12:19:15,false,"成都市 公路骑行","32.24","816","01:04:10","149","167","4.0","30.1","44.0","185","184","0.00","0.0","0.0","0","2:00","81","108","198","44% 左 / 56% 右","83.8","201","188","482","0.0","0.0","5032","0","0","0","0:00","0.0","0:00","否","05:06.60","7","0.0","01:04:09","01:04:10","465","494"
公路骑行,2022-10-07 14:53:49,false,"成都市 公路骑行","40.38","990","01:20:37","146","167","3.9","30.1","46.8","237","233","0.00","0.0","0.0","0","2:00","80","110","194","44% 左 / 56% 右","100.7","190","181","476","0.0","0.0","6195","0","0","0","0:00","0.0","0:00","否","00:49.78","9","0.0","01:20:36","01:20:37","463","494"
公路骑行,2022-10-06 10:19:29,false,"成都市 公路骑行","32.27","782","01:05:12","140","159","3.5","29.7","44.3","174","171","0.00","0.0","0.0","0","2:02","75","123","189","45% 左 / 55% 右","77.8","191","176","432","0.0","0.0","4750","0","0","0","0:00","0.0","0:00","否","04:55.46","7","0.0","01:05:04","01:05:12","463","492"
公路骑行,2022-10-04 08:56:09,false,"成都市 公路骑行","32.24","783","01:01:51","153","178","3.9","31.3","47.4","197","199","0.00","0.0","0.0","0","1:55","78","133","198","45% 左 / 55% 右","81.0","210","187","463","0.0","0.0","4729","0","0","0","0:00","0.0","0:00","否","04:14.25","7","0.0","01:01:44","01:01:51","463","492"
公路骑行,2022-10-02 19:11:19,false,"成都市 公路骑行","32.22","741","01:03:37","149","170","3.7","30.4","45.6","186","191","0.00","0.0","0.0","0","1:59","77","115","185","45% 左 / 55% 右","72.3","185","170","497","0.0","0.0","4658","0","0","0","0:00","0.0","0:00","否","04:29.03","7","0.0","01:03:35","01:03:37","460","492"
公路骑行,2022-10-02 12:34:32,false,"成都市 公路骑行","28.84","531","01:16:52","121","151","2.4","22.5","37.3","113","110","0.00","0.0","0.0","0","2:41","65","102","123","43% 左 / 57% 右","38.6","124","91","387","0.0","0.0","3750","0","0","0","0:00","0.0","0:00","否","10:53.99","6","0.0","01:09:56","01:16:52","470","499"
公路骑行,2022-10-01 12:14:28,false,"成都市 公路骑行","40.43","938","01:18:30","151","165","4.0","30.9","44.5","247","240","0.00","0.0","0.0","0","1:57","80","105","189","45% 左 / 55% 右","93.5","190","175","485","0.0","0.0","6004","0","0","0","0:00","0.0","0:00","否","00:52.78","9","0.0","01:18:29","01:18:30","467","496"
公路骑行,2022-09-29 12:43:48,false,"成都市 公路骑行","32.31","769","01:01:18","152","168","3.9","31.6","46.8","510","508","0.00","0.0","0.0","0","1:54","80","190","196","46% 左 / 54% 右","78.1","191","186","539","0.0","0.0","4761","0","0","0","0:00","0.0","0:00","否","04:24.79","7","0.0","01:01:16","01:01:37","458","507"
公路骑行,2022-09-18 13:45:45,false,"成都市 公路骑行","40.41","821","01:27:22","132","158","3.0","27.7","43.5","258","256","0.00","0.0","0.0","0","2:10","71","143","154","46% 左 / 54% 右","69.4","151","132","427","0.0","0.0","5676","0","0","0","0:00","0.0","0:00","否","01:00.80","9","0.0","01:26:02","01:27:22","461","494"
公路骑行,2022-09-16 18:51:07,false,"成都市 公路骑行","32.19","748","01:01:21","152","172","3.8","31.5","49.0","186","190","0.00","0.0","0.0","0","1:54","79","104","189","47% 左 / 53% 右","73.2","202","179","553","0.0","0.0","4774","0","0","0","0:00","0.0","0:00","否","04:34.05","7","0.0","01:01:05","01:01:21","462","502"
公路骑行,2022-09-15 17:57:04,false,"成都市 公路骑行","32.31","787","00:59:37","159","173","4.3","32.5","53.9","199","240","0.00","0.0","0.0","0","1:51","82","111","206","47% 左 / 53% 右","84.0","204","196","551","0.0","0.0","4768","0","0","0","0:00","0.0","0:00","否","04:12.65","7","0.0","00:59:35","00:59:37","466","506"
公路骑行,2022-09-13 14:13:40,false,"成都市 公路骑行","6.15","128","00:15:02","144","161","2.2","24.5","44.7","47","63","0.00","0.0","0.0","0","2:28","77","106","156","46% 左 / 54% 右","11.9","--","118","408","0.0","0.0","821","0","0","0","0:00","0.0","0:00","否","05:48.95","2","0.0","00:12:41","00:15:02","469","517"
公路骑行,2022-09-12 20:15:29,false,"成都市 公路骑行","15.72","345","00:31:51","148","159","2.9","29.6","45.2","89","94","0.00","0.0","0.0","0","2:02","79","104","168","47% 左 / 53% 右","29.7","164","157","430","0.0","0.0","2379","0","0","0","0:00","0.0","0:00","否","01:34.42","4","0.0","00:31:50","00:31:51","479","506"
公路骑行,2022-09-12 19:16:07,false,"成都市 公路骑行","23.60","487","00:53:12","139","160","2.9","26.6","41.0","117","122","0.00","0.0","0.0","0","2:14","71","175","151","46% 左 / 54% 右","40.2","145","129","386","0.0","0.0","3361","0","0","0","0:00","0.0","0:00","否","07:56.85","5","0.0","00:52:22","00:53:12","462","492"
公路骑行,2022-09-11 18:14:01,false,"成都市 公路骑行","40.45","840","01:24:58","141","170","3.4","28.6","53.1","239","240","0.00","0.0","0.0","0","2:06","76","137","160","47% 左 / 53% 右","72.5","157","141","561","0.0","0.0","5970","0","0","0","0:00","0.0","0:00","否","00:59.61","9","0.0","01:24:56","01:24:58","461","493"
公路骑行,2022-09-10 19:49:49,false,"成都市 公路骑行","32.13","742","01:03:12","153","167","3.7","30.5","46.4","178","185","0.00","0.0","0.0","0","1:58","81","169","182","47% 左 / 53% 右","69.5","176","172","507","0.0","0.0","4951","0","0","0","0:00","0.0","0:00","否","04:04.36","7","0.0","01:02:59","01:03:12","458","503"
公路骑行,2022-09-09 12:29:22,false,"成都市 公路骑行","56.26","1,122","02:12:49","129","157","3.3","25.4","42.6","368","361","0.00","0.0","0.0","0","2:21","70","145","141","45% 左 / 55% 右","88.3","162","117","465","0.0","0.0","7884","0","0","0","0:00","0.0","0:00","否","03:05.30","12","0.0","02:08:26","02:12:49","482","539"
公路骑行,2022-09-08 15:19:20,false,"成都市 公路骑行","32.28","765","01:04:59","148","170","3.6","29.8","42.7","194","196","0.00","0.0","0.0","0","2:01","81","116","182","46% 左 / 54% 右","71.3","186","172","560","0.0","0.0","5123","0","0","0","0:00","0.0","0:00","否","04:22.74","7","0.0","01:04:57","01:04:59","463","495"
公路骑行,2022-09-07 17:27:37,false,"成都市 公路骑行","40.92","843","01:33:06","133","152","3.0","26.4","46.0","239","239","0.00","0.0","0.0","0","2:16","70","101","142","46% 左 / 54% 右","62.8","150","127","577","0.0","0.0","6080","0","0","0","0:00","0.0","0:00","否","02:17.37","9","0.0","01:32:51","01:48:20","461","509"
公路骑行,2022-09-06 19:34:06,false,"成都市 公路骑行","31.92","663","01:11:45","147","178","3.5","26.7","50.5","189","196","0.00","0.0","0.0","0","2:15","74","107","159","47% 左 / 53% 右","60.8","165","130","663","0.0","0.0","4809","0","0","0","0:00","0.0","0:00","否","05:33.30","7","0.0","01:11:34","01:11:45","453","490"
公路骑行,2022-09-05 12:08:22,false,"成都市 公路骑行","32.26","712","01:06:26","155","179","3.6","29.1","44.0","202","202","0.00","0.0","0.0","0","2:04","77","118","165","47% 左 / 53% 右","60.5","176","155","527","0.0","0.0","5043","0","0","0","0:00","0.0","0:00","否","04:53.48","7","0.0","01:06:25","01:06:26","466","495"
公路骑行,2022-09-04 14:49:15,false,"成都市 公路骑行","32.46","735","01:05:46","152","167","3.7","29.6","44.0","237","237","0.00","0.0","0.0","0","2:01","79","135","171","48% 左 / 52% 右","64.1","175","162","481","0.0","0.0","5059","0","0","0","0:00","0.0","0:00","否","04:47.81","7","0.0","01:05:44","01:05:46","465","498"
公路骑行,2022-09-03 15:13:19,false,"成都市 公路骑行","32.26","741","01:05:32","148","170","3.6","29.5","47.1","196","192","0.00","0.0","0.0","0","2:02","77","125","173","47% 左 / 53% 右","65.2","171","164","485","0.0","0.0","4910","0","0","0","0:00","0.0","0:00","否","04:34.59","7","0.0","01:05:29","01:05:32","466","496"
公路骑行,2022-09-02 18:59:47,false,"成都市 公路骑行","31.84","721","01:05:51","153","170","3.9","29.0","46.8","198","193","0.00","0.0","0.0","0","2:04","79","127","171","48% 左 / 52% 右","64.4","188","158","467","0.0","0.0","4987","0","0","0","0:00","0.0","0:00","否","03:58.82","7","0.0","01:05:40","01:05:51","464","501"
公路骑行,2022-09-01 13:22:01,false,"成都市 公路骑行","32.27","700","01:07:34","149","184","3.8","28.7","47.9","208","206","0.00","0.0","0.0","0","2:06","78","134","166","47% 左 / 53% 右","61.9","176","149","427","0.0","0.0","5012","0","0","0","0:00","26.0","0:00","否","04:47.32","7","29.0","01:07:01","01:07:34","469","497"
公路骑行,2022-08-31 15:22:00,false,"成都市 公路骑行","32.32","689","01:06:19","152","172","4.0","29.2","45.5","515","512","0.00","0.0","0.0","0","2:03","81","126","164","48% 左 / 52% 右","59.3","163","150","461","0.0","0.0","5124","0","0","0","0:00","26.0","0:00","否","05:00.32","7","30.0","01:06:13","01:06:19","458","507"
公路骑行,2022-08-30 13:08:37,false,"成都市 公路骑行","32.30","690","01:07:14","146","174","3.6","28.8","45.5","191","192","0.00","0.0","0.0","0","2:05","79","144","161","48% 左 / 52% 右","58.1","164","147","454","0.0","0.0","4968","0","0","0","0:00","24.0","0:00","否","04:36.14","7","30.0","01:07:11","01:07:14","466","495"
公路骑行,2022-08-29 21:41:06,false,"成都市 公路骑行","24.18","537","00:48:35","151","170","3.6","29.9","45.8","130","133","0.00","0.0","0.0","0","2:01","81","123","174","50% 左 / 50% 右","49.1","180","161","478","0.0","0.0","3760","0","0","0","0:00","24.0","0:00","否","09:13.46","5","30.0","00:48:09","00:48:35","465","493"
公路骑行,2022-08-25 07:47:06,false,"成都市 公路骑行","24.20","489","00:56:47","144","167","3.3","25.6","45.5","146","151","0.00","0.0","0.0","0","2:21","74","126","150","49% 左 / 51% 右","42.4","142","120","504","0.0","0.0","3500","0","0","0","0:00","29.0","0:00","否","09:44.45","5","32.0","00:53:37","00:56:47","463","492"
公路骑行,2022-08-22 20:18:00,false,"成都市 公路骑行","24.25","441","01:03:00","145","169","3.4","23.1","47.3","135","142","0.00","0.0","0.0","0","2:30","69","171","130","51% 左 / 49% 右","35.6","127","93","498","0.0","0.0","3386","0","0","0","0:00","32.0","0:00","否","10:01.25","5","34.0","00:59:19","01:03:02","462","559"
公路骑行,2022-08-21 08:03:04,false,"成都市 公路骑行","24.40","446","01:10:55","141","171","3.4","20.6","47.3","131","132","0.00","0.0","0.0","0","2:50","69","132","122","50% 左 / 50% 右","35.0","117","81","687","0.0","0.0","3447","0","0","0","0:00","30.0","0:00","否","11:43.20","5","32.0","01:01:07","01:10:55","462","562"
公路骑行,2022-08-19 07:12:38,false,"成都市 公路骑行","32.34","696","01:12:16","146","169","3.6","26.8","47.7","193","276","0.00","0.0","0.0","0","2:14","74","124","172","49% 左 / 51% 右","71.0","154","137","480","0.0","0.0","4793","0","0","0","0:00","29.0","0:00","否","00:06.22","8","32.0","01:07:51","01:12:16","466","514"
